season,player_id,person_id,career_id,name,bats,throws,position,height_in,weight_lb,dob,hometown,status,jersey,team_slug
2024,v1f1putp8f776blk,v1f1putp8f776blk,career:b0fe4ed8d7562eb9,Kyle Booker,L,R,OF,71,185,2002-01-23,"Southhaven, MS",Active,8,billingsmustangs
2024,zk4oi8kjczby9ezm,zk4oi8kjczby9ezm,career:04610743d1433e97,Connor Denning,S,R,3B,71,205,1998-07-18,"Phoenix, AZ",Active,9,billingsmustangs
2024,gl1jcq8qppfyn90p,gl1jcq8qppfyn90p,career:cc22a5f14eefc09d,Jacob Bradshaw,R,R,RHP,74,210,2001-12-14,"Macon, GA",Inactive,11,billingsmustangs
2024,o37lgkrkc5ic47nv,o37lgkrkc5ic47nv,career:787e73d560334aed,Evan Blum,L,R,C,72,200,,"Bethesda, MD",Active,13,billingsmustangs
2024,urrj3d3z0tz4cn7i,urrj3d3z0tz4cn7i,career:57ba42ec342a02b8,Blake Evans,L,R,SS,70,180,,"Acworth, GA",Active,14,billingsmustangs
2024,ldrju9y5e4of7x17,ldrju9y5e4of7x17,career:80817737beb4c165,Earl Johnson,R,R,RHP,,,2000-12-26,"Oroville, CA",Active,15,billingsmustangs
2024,rtsub2l82s7ry2qn,rtsub2l82s7ry2qn,career:5d0a6544753b83f9,Wyatt Crenshaw,L,R,OF,,185,2000-04-21,"Chandler, AZ",Active,16,billingsmustangs
2024,qzdcpz52zu03943j,qzdcpz52zu03943j,career:6cd268be7eba5d50,Brendan Medoro,R,R,RHP,73,188,,"Lake Worth, FL",Active,17,billingsmustangs
2024,k8qc25u48rqsc4bp,k8qc25u48rqsc4bp,career:603934653f55b59b,Greg Blackman,R,R,RHP,70,195,,"La Grange, OR",Active,18,billingsmustangs
2024,86umucj67wa7b160,86umucj67wa7b160,career:d249ffed711e895c,Casey Harford,R,R,INF,,185,1998-09-05,"Cordova, TN",Active,19,billingsmustangs
2024,sjn5syumdjjq7671,sjn5syumdjjq7671,career:c66c5828627d8fcb,Abe Valdez,R,R,C,71,185,1997-12-02,"San Diego, CA",Active,21,billingsmustangs
2024,thi7ecydmzhu5baz,thi7ecydmzhu5baz,career:cad297c6ab43e1fc,Gabe Wurtz,R,R,OF/1B,76,230,,"Marbury, AL",Active,22,billingsmustangs
2024,kgffa368lrq9k6fz,kgffa368lrq9k6fz,career:75374abc109bf5d1,Brendan Ryan,L,R,UTL,72,190,,"Leawood, KS",Active,23,billingsmustangs
2024,u7cwgjy128v3l4u1,u7cwgjy128v3l4u1,career:17c1a91a7558f0be,Jacob Kline,R,R,INF,75,195,1999-05-24,"Akron, OH",Active,24,billingsmustangs
2024,uac52j0s2d643hr2,uac52j0s2d643hr2,career:4c1749db60879a68,Grant Taylor,R,R,RHP,76,225,,"Murrieta, CA",Active,27,billingsmustangs
2024,omnwf34xpdpqbs1r,omnwf34xpdpqbs1r,career:5086dfe2e8374e36,Luke Trueman,L,R,P,,,,"McCandless, PA",Inactive,28,billingsmustangs
2024,mteel8sz0vl9wpzt,mteel8sz0vl9wpzt,career:a9c24b21338bd802,Daniel Willie,R,R,RHP,75,190,1999-02-22,"Ooltewah, TN",Active,30,billingsmustangs
2024,e4ud55qmkhsplg3u,e4ud55qmkhsplg3u,career:570f0a36ba62a950,Joey Hennessey,R,R,RHP,77,210,,"Coconut Creek, FL",Active,34,billingsmustangs
2024,zmay367fih2musea,zmay367fih2musea,career:d7e0c4972ad9a136,Patrick Maybach,R,L,LHP,75,210,1998-01-09,"Newport, RI",Inactive,35,billingsmustangs
2024,lcuma9misvrey3bx,lcuma9misvrey3bx,career:2bbc15ffb354d56a,Ethan Ross,L,L,LHP,74,190,,"Imperial, CA",Active,35,billingsmustangs
2024,mc72oxz3nc4bmmab,mc72oxz3nc4bmmab,career:bd7a930568eee77a,Justin Fuson,R,R,RHP,72,195,,"Fresno, CA",Active,36,billingsmustangs
2024,0w78rn1gzg0fi660,0w78rn1gzg0fi660,career:1d72420dc25d9b2e,Briley Knight,L,R,OF,70,200,1999-06-22,"Corvalis, OR",Inactive,37,billingsmustangs
2024,jpedyqg9ytsempza,jpedyqg9ytsempza,career:0d790e5b44b54b24,Dylan Leach,S,R,C,71,210,,"Carthage, TX",Active,39,billingsmustangs
2024,ba1j7id31wk2p3cr,ba1j7id31wk2p3cr,career:f6bb62a4f76d1c9b,Kyle Mosley,R,R,RHP,74,160,,"Mansfield, TX",Inactive,40,billingsmustangs
2024,l4hhv2hkq5nc9mp5,l4hhv2hkq5nc9mp5,career:de45435d126ea18f,Jason Rooks,R,R,OF,74,220,1998-09-18,"Marietta, GA",Inactive,41,billingsmustangs
2024,a9y1w119q4g4z58l,a9y1w119q4g4z58l,career:756ecde5eaea4209,Cam Tullar,L,L,LHP,74,215,2000-06-30,"Ann Arbor, MI",Active,46,billingsmustangs
2024,opmv7e55f51wuw25,opmv7e55f51wuw25,career:ee52edd8d5d20b05,Shane Spencer,R,R,RHP,74,170,2001-01-06,"Las Vegas, NV",Active,47,billingsmustangs
2024,bf9qwaxkqwdg2125,bf9qwaxkqwdg2125,career:9c19004252bb7c45,Patrick Mills,L,L,1B/OF,76,210,2000-04-04,"Kokomo, IN",Injured,49,billingsmustangs
2024,m5br8a089vhtv4lb,m5br8a089vhtv4lb,career:97955424da342345,Jonathan Haab,R,R,RHP,75,215,,"Norcross, GA",Active,50,billingsmustangs
2024,96kq73q665l2d5nr,96kq73q665l2d5nr,career:c2f2af3eac5ae74a,James Deloatch,R,R,P,72,210,2000-02-15,"Norfork, VA",Inactive,51,billingsmustangs
2024,pagw7fg6iq5lrpc0,pagw7fg6iq5lrpc0,career:308a95ca6735b75b,Ethan McRae,L,L,LHP,77,225,,"Marina, CA",Active,52,billingsmustangs
2024,38zhcbl9g9k6xt4t,38zhcbl9g9k6xt4t,career:d5c13276a8dcc1ce,Dawson Lane,L,L,LHP,77,210,1999-06-16,"Lakeland, FL",Active,54,billingsmustangs
2024,9fnwtevpmk3pnovy,9fnwtevpmk3pnovy,career:c7b088401f36ae87,Luke Rettig,R,R,LHP,76,205,2000-08-24,"Newark, DE",Inactive,54,billingsmustangs
2024,xigy4ghyszb4ihfb,xigy4ghyszb4ihfb,career:f9f0d11b1f0d76c3,AJ Riddle,R,R,RHP,77,230,2000-05-03,"Dearborn Heights, MI",Inactive,57,billingsmustangs
2024,kbuiumtx3w2e47y4,kbuiumtx3w2e47y4,career:e85e8339b5df5298,Gary Lora,R,R,1B/DH,75,250,1999-07-03,"Santo Domingo, DR",Active,65,billingsmustangs
2024,f9finuri55ap100v,f9finuri55ap100v,career:974209c4964b77e4,Ty Crittenberger,R,R,OF,70,180,1999-12-03,"Lighthouse Point, FL",Inactive,77,billingsmustangs
2024,cnruyqwuytcp6pnd,cnruyqwuytcp6pnd,career:bb2073e840ff539a,Jesus Baez,R,R,RHP,70,165,2001-12-21,"Bonoa, Dominican Republic",Inactive,80,billingsmustangs
2024,j13ba2p2b2l09404,j13ba2p2b2l09404,career:c98013271a990344,Mitch Moralez,R,R,INF,70,200,1998-08-22,"Temecula, CA",Inactive,83,billingsmustangs
2024,s7yje9rvlou4lav3,s7yje9rvlou4lav3,career:c19912f918d93d0e,Dustin Crenshaw,R,R,INF,74,185,2001-11-12,"Chandler, AZ",Inactive,85,billingsmustangs
2024,15s28c222gq4olae,15s28c222gq4olae,career:8298f516fdc63bb1,Nic Daniels,R,R,RHP,76,195,1999-11-21,"Tampa, FL",Inactive,86,billingsmustangs
2024,h6lc1do8chjukcdx,h6lc1do8chjukcdx,career:96bc79d7fef86d71,Sayer Diederich,L,L,LHP,,190,2000-10-10,"Omaha, NE",Inactive,90,billingsmustangs
2024,xubqmjyirgclhim2,xubqmjyirgclhim2,career:f7ec29796e1d119f,Logan Lee,R,R,RHP,76,220,,"Rockford, MI",Inactive,90,billingsmustangs
2024,appj34hqsxtf9woi,appj34hqsxtf9woi,career:286ee1169b3658a6,Drew Clark,R,R,RHP,69,190,1998-08-05,"Reno, NV",Inactive,91,billingsmustangs
2024,wvr9x5y9xodjr9c0,wvr9x5y9xodjr9c0,career:b0c7e3a12eccadad,John Esposito,R,R,RHP,75,205,2000-10-31,"Staten Island, NY",Inactive,92,billingsmustangs
2024,pguqfv85ypfil0bx,pguqfv85ypfil0bx,career:188a5b3daa9d95a6,Travis Holt,R,R,INF,72,185,1999-05-05,"Fort Lauderdale, FL",Inactive,93,billingsmustangs
2024,jpxoxi97zen1oer1,jpxoxi97zen1oer1,career:6f0b0c8a48bc2a98,Isaac Lovings,R,R,C,72,235,1999-12-26,"Beaverton, OR",Inactive,94,billingsmustangs
2024,17atyovrqq86s3w7,17atyovrqq86s3w7,career:96bfff740ba28163,Luke Fennelly,R,R,2B/SS,72,185,1998-07-14,"Davenport, IA",Inactive,95,billingsmustangs
2024,nt1c47lczwdwu7dh,nt1c47lczwdwu7dh,career:f22951f75df3966d,Austin Mora,R,R,RHP,71,185,1998-07-10,"Mayfield, OH",Inactive,95,billingsmustangs
2024,6nmjqkwovmupk37p,6nmjqkwovmupk37p,career:cec9fa42bb7f4294,Riley Bost,R,R,RHP,75,200,1999-06-06,"Caddo Mills, TX",Inactive,96,billingsmustangs
2024,hyb1z17ihabwcm9u,hyb1z17ihabwcm9u,career:b9e1e0f718eefe01,Ty Pohlmann,R,R,RHP,76,240,,"Chandler, AZ",Inactive,97,billingsmustangs
2024,7thduocv3q7sjb78,7thduocv3q7sjb78,career:fe61cd8e89773eda,Jacob Sisto,R,R,C,70,215,,"Liverpool, NY",Inactive,97,billingsmustangs
2024,i9srl5lnwa045txo,i9srl5lnwa045txo,career:5728ba51f486c6d1,Alex Canty,R,R,IF,70,180,,"Brockport, NY",Inactive,99,billingsmustangs
2024,6kx2o5mgc05twxae,6kx2o5mgc05twxae,career:80c10537d38fe0a8,Armani Sanchez,R,R,IF,74,185,2001-02-09,,Inactive,1,boisehawks
2024,c6u0q2vd3y5y16p1,c6u0q2vd3y5y16p1,career:6573a3169c102f53,Kole Kaler,,R,INF,70,180,1998-11-06,"Queen Creek, Arizona",Inactive,2,boisehawks
2024,p76s5jwx9y0uprxq,p76s5jwx9y0uprxq,career:30fd4cd30066e76c,Tyner Hughes,R,R,IF,72,190,1999-05-15,"Gibson County, TN",Active,5,boisehawks
2024,q1c7gklrvu0dpzl9,q1c7gklrvu0dpzl9,career:90682c4e5adc990e,Joseph Kalafut,L,L,OF,75,215,2000-07-08,"Columbus, WI",Active,6,boisehawks
2024,21217snsliszobum,21217snsliszobum,career:46bc102acdad77be,Benjamin Livorsi,R,R,C,72,210,1998-12-18,"Minnetonka, MN",Inactive,7,boisehawks
2024,gjq34ef6wze0r6ua,gjq34ef6wze0r6ua,career:72b800841bf2d16a,Michael O'Hara,L,R,OF,72,195,2001-05-27,"Danville, CA",Active,7,boisehawks
2024,ak1ol9xk8uqfh9p7,ak1ol9xk8uqfh9p7,career:51dfc0ad56da5fc9,Troy Viola,R,R,IF,74,220,1998-06-21,"Bend, OR",Active,8,boisehawks
2024,n7v2a7pu5etspmod,n7v2a7pu5etspmod,career:44ea35a9d32faaa6,Casey Dykstra,L,R,RHP,71,215,1999-04-07,"Simi Valley, CA",Active,9,boisehawks
2024,kisr4e05jtzx1mj4,kisr4e05jtzx1mj4,career:bd768f519d858efd,Luke Schafer,R,R,Pitcher,,,2001-03-19,,Inactive,10,boisehawks
2024,f32z7fioj3k7ffm1,f32z7fioj3k7ffm1,career:34b96734123d4982,Tristan Walton,L,L,Pitcher,75,190,2000-09-23,"Clay, AL",Inactive,10,boisehawks
2024,31ehubeshawg5cjz,31ehubeshawg5cjz,career:66369f597941479b,Patrick Merino,R,R,OF,74,220,1998-08-13,"La Habana, Cuba",Active,12,boisehawks
2024,gc6kgog5ptdxjw03,gc6kgog5ptdxjw03,career:e56edab25b5007fd,Nicholas Klemp,R,R,C,72,185,2000-06-10,"Everett, WA",Active,13,boisehawks
2024,0jh2rymugzy1o7vw,0jh2rymugzy1o7vw,career:42f02db39b496dfa,Trevor Minder,R,R,SS,75,200,1999-01-22,"Springfield, IL",Active,15,boisehawks
2024,7yvvtlt3k8d27rmi,7yvvtlt3k8d27rmi,career:8f2af05e3fc6f912,Cameron Dayton,L,L,Pitcher,75,195,2000-12-05,,Active,16,boisehawks
2024,bq9fshzdhl2trdcr,bq9fshzdhl2trdcr,career:f1e4a52e894aecdf,Micah Yonamine,R,R,IF,75,220,2000-10-10,"Honolulu, HI",Active,17,boisehawks
2024,zaqz87tamnugyloe,zaqz87tamnugyloe,career:6d8659806900138d,Max Jung-Goldberg,L,R,OF,72,200,2000-05-08,"Redwood City, CA",Active,18,boisehawks
2024,9roy0ziv0cctylma,9roy0ziv0cctylma,career:c23642a9e9b78dfb,Blake McFadden,R,L,RP,75,215,1998-02-16,"Meridian, ID",Active,19,boisehawks
2024,6fowa8kpy2mmw1ef,6fowa8kpy2mmw1ef,career:a73c16005751cb11,Ronaldo Fernandez,R,R,RHP,71,195,2000-11-11,"Miami, FL",Inactive,20,boisehawks
2024,5jrmo1c1t30fb7zc,5jrmo1c1t30fb7zc,career:50a8aca039a74137,Blake Whiting,R,R,Pitcher,74,185,1999-04-21,"Oakdale, CA",Active,20,boisehawks
2024,jfiv9drms7k5dpyv,jfiv9drms7k5dpyv,career:c762cffe1125b2fd,Connor Butler,L,L,LHR,72,180,2000-04-22,"Boise, ID",Active,21,boisehawks
2024,3fdb3arivk8fbbbl,3fdb3arivk8fbbbl,career:a84b1690abf1fd28,Tyler Jorgensen,L,R,,74,190,1997-09-25,"Gilbert, AZ",Active,24,boisehawks
2024,w5vvrf58x6s94e3k,w5vvrf58x6s94e3k,career:b64bb14b928c367f,Noah Marcelo,R,R,OF,69,190,2000-09-06,"Redwood City, CA",Active,25,boisehawks
2024,ieipgcbgu9jw6hkx,ieipgcbgu9jw6hkx,career:59177ff99875f11a,Emilio Alfonzo,R,R,RHP,77,210,2000-08-02,"Carupano, Venezuela",Active,26,boisehawks
2024,rld44x3g02k7c8km,rld44x3g02k7c8km,career:4573cb9faf8500a4,Andrew Edwards,L,L,P,74,215,1997-05-12,"Tucson, AZ",Active,28,boisehawks
2024,edihnax4onr0vzro,edihnax4onr0vzro,career:657f0ad331d4837e,Isaac Mendez,R,R,P,76,215,2001-05-13,"Pomona, Calif.",Active,29,boisehawks
2024,y4wj5cucamywb2ek,y4wj5cucamywb2ek,career:8c4de28d68a0d464,Robert Dudzinski,R,R,P,76,215,2000-03-16,"Elburn, IL",Inactive,30,boisehawks
2024,8v0vrbdmsba2mg1t,8v0vrbdmsba2mg1t,career:95dd61ba52781ffb,D.J. Poteet,R,R,OF,,,1998-06-12,,Injured,31,boisehawks
2024,efpsj6cbf4pzjrrj,efpsj6cbf4pzjrrj,career:9c9c7549fca63872,Michael Esposito,L,L,P,70,190,1999-09-22,"Alpharetta, GA",Active,38,boisehawks
2024,4t5vcyo2x1j239w1,4t5vcyo2x1j239w1,career:7461b914efa18030,Reed Garland,R,R,RHP,74,185,2001-09-12,"Rock Hill, SC",Inactive,38,boisehawks
2024,4bt5kn7d92vcriy6,4bt5kn7d92vcriy6,career:2299ab75efd46bde,Bubba Thompson,R,R,infield,74,205,2001-04-15,"Appleton, WI",Inactive,38,boisehawks
2024,hlgrfh5n0il4jp02,hlgrfh5n0il4jp02,career:410130b613dc5322,Evan Kowalski,R,R,P,74,200,1998-11-13,"Guthrie, OK",Active,41,boisehawks
2024,f6uflrqs9y93cykb,f6uflrqs9y93cykb,career:e4a26e25e8ff34b5,Luke Malone,R,R,P,75,215,1998-10-20,,Active,44,boisehawks
2024,irn4y0n83ksn049p,irn4y0n83ksn049p,career:af35ec5780dad0cc,Mike Peterson,R,R,P,77,215,1998-07-21,,Active,45,boisehawks
2024,nal7jsbyferih7zk,nal7jsbyferih7zk,career:46a16eef5af59de6,Brayden Spears,R,R,P,,,2001-02-27,,Injured,49,boisehawks
2024,ewuamn61jbdzz3gx,ewuamn61jbdzz3gx,career:1b86d377bdf7763f,Carter Sanford,L,R,Catcher,,,2001-07-03,"Tuscaloosa, AL",Active,99,boisehawks
2024,5yttq9y9fco5xnmr,5yttq9y9fco5xnmr,career:354e5ccbfc4b6cca,Christian Kirtley,R,R,LF/INF,72,195,,,Active,1,glacierrangeriders
2024,50hcz0wv6xbp8j5s,50hcz0wv6xbp8j5s,career:f8fe8d32fecaf2b1,Antonio Barranca,R,R,C,,,2001-07-25,,Active,2,glacierrangeriders
2024,ymzhmxi55jmhaof2,ymzhmxi55jmhaof2,career:457b307b64a506f2,Blaze O'Saben,R,R,,,,2000-07-13,,Inactive,2,glacierrangeriders
2024,ssr0sznmljasuib4,ssr0sznmljasuib4,career:51e1480b9a8d0cf3,Trevor Sheehan,R,R,3B,73,185,2002-04-18,,Inactive,2,glacierrangeriders
2024,9v5x5zk9t4mz5ads,9v5x5zk9t4mz5ads,career:c0c368c8c87a7207,Ty Penner,L,R,IF,76,215,,"Lethbridge, Canada",Active,3,glacierrangeriders
2024,u7nu5axb2lflkazs,u7nu5axb2lflkazs,career:f6113c47efdbf9fb,Austin Bates,S,R,OF/C,70,180,1999-01-19,,Inactive,4,glacierrangeriders
2024,xqwgzy82q5hyvvik,xqwgzy82q5hyvvik,career:0b3d329e94c1f298,Ryan McCarthy,L,R,OF,75,235,1999-01-13,"Conyers, GA",Active,5,glacierrangeriders
2024,guq7bmgbmpuz42gx,guq7bmgbmpuz42gx,career:32433764d52a3b53,Gavin Tonkel,R,R,OF,74,206,2002-11-06,"Brentwood, CA",Inactive,5,glacierrangeriders
2024,3runegpqw6mig9eu,3runegpqw6mig9eu,career:61b73e768578ae14,Nick Block,R,R,RF,76,220,2000-05-23,"Woodstock, GA",Inactive,6,glacierrangeriders
2024,mlgwg524sgj5ed9k,mlgwg524sgj5ed9k,career:045cf977539d4bf9,JD McLaughlin,R,R,OF,74,195,2000-12-28,"Mesa, AZ",Injured,7,glacierrangeriders
2024,z9bdtpt5yzn6phlr,z9bdtpt5yzn6phlr,career:9207307a59fb5cec,Ben Fitzgerald,L,R,IF,73,195,1999-04-27,"West Des Moines, IA",Active,8,glacierrangeriders
2024,0kspizc11s5t8o6h,0kspizc11s5t8o6h,career:35d5c910bb88ae97,John Daly,R,R,OF,70,190,1998-06-20,"Nyack, NY",Inactive,9,glacierrangeriders
2024,3npq0pltfiek0b35,3npq0pltfiek0b35,career:58157c7b1787a112,River Orsak,R,R,OF,,,2000-12-22,"Mont Belvieu, TX",Injured,9,glacierrangeriders
2024,6n8t4acs55kpc1pi,6n8t4acs55kpc1pi,career:0310bc9c97027077,Connor Housley,L,R,RHP,76,205,2001-08-18,"Riverdale, GA",Inactive,10,glacierrangeriders
2024,aewetgv8n1lv9gn7,aewetgv8n1lv9gn7,career:b63248f5fa48975a,Gabe Howell,R,R,IF,73,180,1998-03-12,"Fort Oglethorpe, GA",Active,10,glacierrangeriders
2024,s26hdq45rubozfal,s26hdq45rubozfal,career:db980a073207a9dc,Nick Zegna,R,R,P,77,220,1999-12-16,"Newark, DE",Active,11,glacierrangeriders
2024,bj2816chb59sp61w,bj2816chb59sp61w,career:c5fef4231bcf24f6,Jack Lynch,R,R,LHP,71,190,2001-04-17,"Dallas, TX",Active,12,glacierrangeriders
2024,67d6ws6akm00l4r1,67d6ws6akm00l4r1,career:2da0ac959ae821b7,Brady Held,R,R,OF/RHP,,,2000-06-25,,Injured,13,glacierrangeriders
2024,giwt7adruqu4kg4o,giwt7adruqu4kg4o,career:8ec3fb939cc421da,Kaleb Sophy,R,R,LHP,75,185,2001-03-03,"Orwigsburg, PA",Active,14,glacierrangeriders
2024,i23dsq9yhkrvvl6c,i23dsq9yhkrvvl6c,career:69089bb0d0ff2731,Trevor Baker,R,R,RHP,73,150,2001-06-10,"North Port, FL",Injured,15,glacierrangeriders
2024,j6ahilapa5u4e3gv,j6ahilapa5u4e3gv,career:0c2b402c54f4154a,Montana Quigley,R,R,P,,,1997-07-06,,Injured,16,glacierrangeriders
2024,4ag39mn5iwmjnbuh,4ag39mn5iwmjnbuh,career:7dd1ccce8c6b47f4,Cooper Benson,L,L,LHR,72,213,2000-08-03,"San Luis Obispo, CA",Active,17,glacierrangeriders
2024,ino1g4mzufnh1e4b,ino1g4mzufnh1e4b,career:0b3127a860c569c0,Jake Simons,R,R,Of,69,180,2000-02-05,,Inactive,18,glacierrangeriders
2024,o1fzwb8p33un4x3z,o1fzwb8p33un4x3z,career:c1117f6df7bf0e50,Freddy Guilamo,R,R,C,71,160,,,Active,19,glacierrangeriders
2024,61rryl0h2g9pdrbe,61rryl0h2g9pdrbe,career:7ecc67ef71f182d2,Keaton Carattini,R,R,RHR,74,215,2000-03-14,"Encinitas, CA",Inactive,20,glacierrangeriders
2024,vure4kf0mtkksxy6,vure4kf0mtkksxy6,career:003c8be14aa23105,Kingston Liniak,R,R,OF,,,1999-11-11,"La Jolla, CA",Active,20,glacierrangeriders
2024,k6oocncazml1fmho,k6oocncazml1fmho,career:de5fadb571fdd6ab,Carter Raffield,R,R,P,,,2000-02-28,,Inactive,20,glacierrangeriders
2024,7ta8lyaitqov5yq3,7ta8lyaitqov5yq3,career:ee63b2fbfce8c15e,Andy Atwood,R,R,IF,73,195,1996-11-15,"Everett, WA",Active,21,glacierrangeriders
2024,8pzzkkchy2zrxzaj,8pzzkkchy2zrxzaj,career:291641fc3588436e,Jason Bollman,R,R,,,,2000-05-01,,Inactive,23,glacierrangeriders
2024,o08pyccdbt11eqal,o08pyccdbt11eqal,career:88279ae9e58f897e,Mason Dinesen,R,R,INF,76,180,1998-07-24,,Inactive,23,glacierrangeriders
2024,7bjrqb5ve8b1thpr,7bjrqb5ve8b1thpr,career:aad5d57a796dab66,Rayne Supple,R,R,P,,,1997-08-18,,Active,23,glacierrangeriders
2024,4lcuimrlp2osq27l,4lcuimrlp2osq27l,career:0af4713e1b0ad206,Jonathan Pintaro,R,R,P,74,225,1997-11-07,"Pelham, AL",Inactive,24,glacierrangeriders
2024,ihuo4nm2qe0ttx8f,ihuo4nm2qe0ttx8f,career:5a1c9dee6bffc846,Ajay Sczepkowski,,,,,,1998-12-19,,Inactive,24,glacierrangeriders
2024,zzho0jqewidgkj30,zzho0jqewidgkj30,career:5f964f15c72ffc51,Patrick Wicklander,L,L,LHP,,,1999-12-31,,Active,24,glacierrangeriders
2024,vn9w1trjnv6inxsz,vn9w1trjnv6inxsz,career:504ec694c6c7a9cd,Drew Sims,R,R,C,,,1999-06-22,,Active,25,glacierrangeriders
2024,l16242pilsjbir7k,l16242pilsjbir7k,career:40e830c8cb25c30e,TJ Clarkson,L,L,OF,,,2000-08-18,,Injured,27,glacierrangeriders
2024,xm5c6hanhwrxj016,xm5c6hanhwrxj016,career:9fd2c14d1f3b1ca6,Chad Castillo,L,R,OF,75,225,,"Orange, CA",Active,28,glacierrangeriders
2024,sbhsqh5dk30vk7kx,sbhsqh5dk30vk7kx,career:6b1f9ad197621613,Jared Engman,R,R,P,72,215,2001-05-30,"Seattle, WA",Active,29,glacierrangeriders
2024,l9ccio6w9znwz750,l9ccio6w9znwz750,career:d5d29c0438c317ef,Nick Gore,R,R,C,74,215,2002-07-18,"Scottsdale, AZ",Inactive,29,glacierrangeriders
2024,ibblhlgiihrorbhh,ibblhlgiihrorbhh,career:11a46c6c7fea51e7,Andrew Washington,R,R,,72,190,2001-02-10,"Sharpsburg, GA",Inactive,29,glacierrangeriders
2024,uy12pt249g1owsts,uy12pt249g1owsts,career:6c715c181588d9fb,Jerome Huntzinger,R,R,,,,,,Active,30,glacierrangeriders
2024,tujn6dclvglo6eh6,tujn6dclvglo6eh6,career:5ca9d90610025c02,Cullen Kafka,R,R,P,,,1999-04-16,"Walnut Creek, CA",Inactive,32,glacierrangeriders
2024,n5kdt1okcmxl6wy4,n5kdt1okcmxl6wy4,career:ed920a8cd5b97b6c,Noah Owen,R,R,P,76,200,2000-10-01,"Oceanside, CA",Active,32,glacierrangeriders
2024,vmapcweubonvlh5u,vmapcweubonvlh5u,career:00f30cdf3cc31a2c,Cameron Cowan,R,R,RHS,77,245,1998-10-25,DesMoines,Injured,33,glacierrangeriders
2024,xkm1t7a269sxa1hn,xkm1t7a269sxa1hn,career:033ae8010a54cb27,Aidan McEvoy,R,L,LHR,76,205,2001-03-07,,Active,34,glacierrangeriders
2024,2p7ntprl8kefvjh1,2p7ntprl8kefvjh1,career:b733983b4716c619,Luke Cooper,,L,,,,2000-08-25,,Active,35,glacierrangeriders
2024,y0k6euecikvh9bef,y0k6euecikvh9bef,career:bde4f29ed6c66bc9,Justin Coleman,R,R,RHR,73,213,1996-06-12,,Active,37,glacierrangeriders
2024,hwhra4mquw2wzdgn,hwhra4mquw2wzdgn,career:3147857b06efd918,Seth Pinkerton,R,R,RHR,75,225,1996-07-26,"Ogdensburg, NY",Active,38,glacierrangeriders
2024,6cswexp77vpyrhet,6cswexp77vpyrhet,career:08d78f8db4a36465,Tyler Clayton,R,R,,,,2001-08-03,,Injured,39,glacierrangeriders
2024,3aeyyu7ahun8k4sn,3aeyyu7ahun8k4sn,career:aea78e0470e68db4,Ricky Tibbett,L,R,P,,,2001-03-01,,Active,44,glacierrangeriders
2024,audmewj3k14o39f3,audmewj3k14o39f3,career:6e0be3648ac14a75,Julian Boyd,L,L,OF,,170,,"Los Angeles, CA",Active,1,grandjunctionjackalopes
2024,aotgmzmyu0gax1yu,aotgmzmyu0gax1yu,career:ef21f410f805ba13,Druw Sackett,R,R,IF,72,180,,"Fruita, Colorado",Active,3,grandjunctionjackalopes
2024,1z1udmkfs2gc0v0t,1z1udmkfs2gc0v0t,career:85a87e7ce2ce8a17,Hunter Bryan,R,R,RHP,72,195,,"Visalia, California",Active,4,grandjunctionjackalopes
2024,vm48wjztkowtmsfk,vm48wjztkowtmsfk,career:51daac5efd3a381d,Josh Romero,,,RHP,,,2001-08-21,"Oxnard, CA",Active,5,grandjunctionjackalopes
2024,tm27hv3s8gihpquo,tm27hv3s8gihpquo,career:03730f354f979617,Bruce Yamamoto,R,R,RHP,,180,,"Los Angeles, CA",Active,6,grandjunctionjackalopes
2024,yo3dk9nib34liu51,yo3dk9nib34liu51,career:1d8d82f397f9cc1b,Calyn Halvorson,R,R,OF,72,200,2000-08-08,"Guthrie, OK",Active,7,grandjunctionjackalopes
2024,psqq8mta515lxqay,psqq8mta515lxqay,career:c713031c6e458ede,Andres Rios,R,R,IF,71,188,,"San Diego, California",Active,8,grandjunctionjackalopes
2024,7vbrxcvg482silhg,7vbrxcvg482silhg,career:e1435efec046d75c,Jonathan Gonzalez,R,R,INF,68,170,2001-06-09,Brawley CA,Active,9,grandjunctionjackalopes
2024,a935cozmzn8a05yc,a935cozmzn8a05yc,career:d3753840575bfc55,Ethan Brown,R,L,LHP,,,2001-06-16,"Chandler, AZ",Active,10,grandjunctionjackalopes
2024,o4ueu74xw8i3mcfm,o4ueu74xw8i3mcfm,career:1cb93f9c5e14a782,Brody Harding,R,R,IF,,175,2001-01-01,"Moline, IL",Active,11,grandjunctionjackalopes
2024,5m0frfj9dc7gzinv,5m0frfj9dc7gzinv,career:c3bf549179135c23,David Rivera,R,R,INF,71,190,1998-10-27,,Active,12,grandjunctionjackalopes
2024,vd6ntgdw9xbor7of,vd6ntgdw9xbor7of,career:ec6ecb3fed2f8c24,Brandon Ross,L,L,LHP,,190,1998-09-13,"Murrieta, CA",Active,15,grandjunctionjackalopes
2024,ep55xja4r6oyrso8,ep55xja4r6oyrso8,career:452f68a987eae8c6,Ethan Smith,R,R,OF,,195,,"Snohomish, Washington",Active,18,grandjunctionjackalopes
2024,3ruwiu3iab87xgzt,3ruwiu3iab87xgzt,career:07c3a93578f33a01,Stephen Still,L,L,P,,190,2002-04-27,Baton Rouge,Active,19,grandjunctionjackalopes
2024,g9dq0iop5jmi1z2o,g9dq0iop5jmi1z2o,career:73de35c3b1edd1a0,Alec Ackerman,R,R,IF,,210,1999-06-17,"Omaha, Nebraska",Active,20,grandjunctionjackalopes
2024,acgeqluwn6o3db1x,acgeqluwn6o3db1x,career:9f41b7aff734b1af,JC Ariza,R,R,RHP,77,235,,"Belleville, NJ",Active,21,grandjunctionjackalopes
2024,yjiiy4isr3z5qzuo,yjiiy4isr3z5qzuo,career:b5b668a40bf70ff8,Will Levine,R,R,RHP,74,215,2000-02-10,"Mission Viejo, CA",Active,22,grandjunctionjackalopes
2024,y46ubyxbspn907xq,y46ubyxbspn907xq,career:b9c63147806e4ff8,Sam Kuchinski,R,R,INF,70,225,1999-07-22,"Powder Springs, GA",Active,23,grandjunctionjackalopes
2024,6gh29uvqkcoklgag,6gh29uvqkcoklgag,career:b5a484d2bc3bf34c,Riley Egloff,R,R,RHP,,210,,"Denver, CO",Active,24,grandjunctionjackalopes
2024,82jsrkq8ywopfliv,82jsrkq8ywopfliv,career:8823b1bfe5e65815,Omar Veloz,R,R,C,,210,1999-10-21,Chandler,Active,25,grandjunctionjackalopes
2024,ut1ydevpks3t1way,ut1ydevpks3t1way,career:2215e476f7f25d18,Austin Shumaker,L,R,C,74,205,1997-03-18,"Chandler, Arizona",Injured,26,grandjunctionjackalopes
2024,91diju6y3ix8st0e,91diju6y3ix8st0e,career:b09406f861ee907a,Evan Massie,R,L,P,,215,1999-12-26,Boise,Active,27,grandjunctionjackalopes
2024,0or6g0vtuqazzkp0,0or6g0vtuqazzkp0,career:e72b2e731b5c9e68,Conrad Villafuerte,R,R,OF/1B,75,230,,"Fountain Valley, California",Active,28,grandjunctionjackalopes
2024,2odthldpoj3pg1gq,2odthldpoj3pg1gq,career:e90cc7c0808c5504,Kelly Dugan,L,R,1B/OF,75,230,1990-09-18,"Sherman Oaks, California",Active,30,grandjunctionjackalopes
2024,b5yq1k0m1qmig433,b5yq1k0m1qmig433,career:170b66bd57cfbcf7,Trey Valka,R,R,RHP,75,185,2000-10-08,"Spring, TX",Active,31,grandjunctionjackalopes
2024,ldiy9pp3n3t3qm2i,ldiy9pp3n3t3qm2i,career:a5624486b2e21a9a,Aydan Alger,L,L,LHP,,220,,"Lancaster, CA",Active,32,grandjunctionjackalopes
2024,6m1xtdhif0nm6ymh,6m1xtdhif0nm6ymh,career:f4c7aba2b82585e5,Will Buraconak,L,L,LHP,80,250,1998-03-07,"Farmington Hill, MI",Active,33,grandjunctionjackalopes
2024,ltqef5sugi2oso19,ltqef5sugi2oso19,career:0e6fd13db5b629d7,Jonathan Tyler,R,R,RHP,77,240,,"Santa Clarita, California",Inactive,41,grandjunctionjackalopes
2024,m54aubx0z8ico7y0,m54aubx0z8ico7y0,career:e02debe2bb4adc84,Matt Tomazin,R,R,RHP,,200,1997-06-04,"Corona, California",Inactive,47,grandjunctionjackalopes
2024,7016zvbghp4t4gjp,7016zvbghp4t4gjp,career:00565408ece7ad5c,Sam Olsson,R,R,C,73,210,1998-10-29,"Eugene, Oregon",Inactive,48,grandjunctionjackalopes
2024,qpnowzb6cmqbtw35,qpnowzb6cmqbtw35,career:9e44f3ace3ab24a1,Myles Rothfarb,R,R,RHP,74,175,,"Culver City, California",Inactive,49,grandjunctionjackalopes
2024,g9wpj4wrp7ea9dj7,g9wpj4wrp7ea9dj7,career:b97c35f9cb030580,Jeff Disla,R,R,IF,,175,1995-07-25,"Paterson, New Jersey",Inactive,50,grandjunctionjackalopes
2024,2n0lr1v5l2udunh8,2n0lr1v5l2udunh8,career:031d24402c93f24a,Matt Turner,R,R,OF,77,225,1999-02-18,"Broomfield, Colorado",Inactive,52,grandjunctionjackalopes
2024,i932tnj9zga9mdcv,i932tnj9zga9mdcv,career:cf705d8f2447fb26,Andrew Martinez,R,R,,,,,,Inactive,53,grandjunctionjackalopes
2024,oykatqfcb3ofpwle,oykatqfcb3ofpwle,career:3fe003af677f6b71,Reagan Guthrie,R,R,,,,,,Inactive,54,grandjunctionjackalopes
2024,8itf25pnv21840y3,8itf25pnv21840y3,career:e4a1dd7aee46b75f,Mike Bathauer,R,R,IF,73,220,,"Kingman, Arizona",Inactive,55,grandjunctionjackalopes
2024,1rduk3440ur40ih4,1rduk3440ur40ih4,career:e9dfbdfaa8c71cc0,Frank Racioppo,R,R,RHP,71,180,,"Scottsdale, Arizona",Inactive,56,grandjunctionjackalopes
2024,kpyafixbkakvgy9n,kpyafixbkakvgy9n,career:c38ab4146119f6c4,Zach Martinez,R,R,RHP,,180,2001-01-06,"Peoria, Arizona",Inactive,57,grandjunctionjackalopes
2024,bm4zgbbawzmawx4k,bm4zgbbawzmawx4k,career:975b45cf9c2b701b,Lavoisier Fisher,L,R,OF,75,200,,"Suwanee, Georgia",Inactive,59,grandjunctionjackalopes
2024,igpgjm3350fbl2y0,igpgjm3350fbl2y0,career:e622ea5a53df4b0f,Connor Barton,R,R,RHP,,205,2001-06-07,"Tucson, Arizona",Inactive,60,grandjunctionjackalopes
2024,mpqhahm6uk9jlpg3,mpqhahm6uk9jlpg3,career:38c708c4865d4380,Elijah Johnson,R,R,RHP,73,215,1998-09-01,"Omaha, Nebraska",Inactive,61,grandjunctionjackalopes
2024,m00c8nef4jv03n0f,m00c8nef4jv03n0f,career:64d1d1037c99e2c6,Nathan Gilman,R,R,RHP,75,220,1997-09-14,"Chino Hills, California",Inactive,62,grandjunctionjackalopes
2024,fuiu6kyfxmhxg49t,fuiu6kyfxmhxg49t,career:a1767822fd18c22c,Holden Breeze,R,R,IF,,170,2000-10-03,"Gilbert, AZ",Inactive,63,grandjunctionjackalopes
2024,vfg97jm9covxbdwu,vfg97jm9covxbdwu,career:38c407bde8d92947,Isiah Campa,L,R,RHP,,195,,"El Paso, TX",Inactive,64,grandjunctionjackalopes
2024,dc0w9m8fsjh9rwjm,dc0w9m8fsjh9rwjm,career:d837e2b62b608d6b,Cole Lee,L,L,OF/LHP,69,180,1998-06-24,"Oklahoma City, Oklahoma",Inactive,65,grandjunctionjackalopes
2024,3k0xrvgpsk4fv7mw,3k0xrvgpsk4fv7mw,career:6329c75afb589643,Josh Verdon,R,R,RHP,,195,,"San Diego, California",Inactive,66,grandjunctionjackalopes
2024,3ligjqe916cwycjc,3ligjqe916cwycjc,career:7b499d14bcf36613,Drew Marrufo,R,R,RHP,74,210,1999-05-04,"Santa Teresa, NM",Inactive,67,grandjunctionjackalopes
2024,8cvix761yeo00w6s,8cvix761yeo00w6s,career:03123c5414f1859c,Rafael Cortez,L,L,LHP,,180,1996-11-05,"Anaheim, CA",Inactive,68,grandjunctionjackalopes
2024,253oik0z5zwh3dfy,253oik0z5zwh3dfy,career:681d1860ce34e8cb,Rene Galvan,R,R,RHP,,205,2001-04-23,"Los Angeles, CA",Inactive,69,grandjunctionjackalopes
2024,5y0gp2b2p386h6ro,5y0gp2b2p386h6ro,career:b4194aaed2f24f2f,Ryan Lachemann,R,R,RHP,,185,,"Jan Juan Capistrano, CA",Inactive,70,grandjunctionjackalopes
2024,o79hw19jki7z7fbj,o79hw19jki7z7fbj,career:5713cd231a6fb52e,Tyler Lasch,R,R,C,,205,,"Lake Forest, CA",Inactive,71,grandjunctionjackalopes
2024,otrpfmfyeyv3ovg0,otrpfmfyeyv3ovg0,career:da3407e82116aaa5,Chayce Bryant,R,R,OF,,225,,"Atlanta, GA",Inactive,72,grandjunctionjackalopes
2024,8dl9lp115awhuwi8,8dl9lp115awhuwi8,career:cd802a19218a82bb,Zach Hill,L,L,LHP,,215,,"Boise, ID",Inactive,73,grandjunctionjackalopes
2024,8cllut58pyn8yi7j,8cllut58pyn8yi7j,career:bfb33cb7346215c0,Dustin Schorie,R,R,RHP,,235,1998-10-09,Chandler,Inactive,74,grandjunctionjackalopes
2024,xe2dadix8ufcbksu,xe2dadix8ufcbksu,career:1177d5862cad597e,Damian Henderson,L,L,OF,73,230,1997-07-14,"Raleigh, North Carolina",Inactive,75,grandjunctionjackalopes
2024,fa6zbuk5l4f68z7k,fa6zbuk5l4f68z7k,career:fbc6f30f5c1ac8b6,Diego Jordan,R,R,RHP,,200,1999-09-05,"Chandler, Arizona",Inactive,76,grandjunctionjackalopes
2024,pesp4dvx1ealaw3m,pesp4dvx1ealaw3m,career:2333d28f39a07a06,Xane Washington,S,R,OF,73,185,1999-08-11,"Houma, LA",Active,1,greatfallsvoyagers
2024,pqj1tua56mz1jf4s,pqj1tua56mz1jf4s,career:4f830d161e866b42,Jack Lynch,L,R,IF,77,215,1999-01-25,,Active,2,greatfallsvoyagers
2024,5vd6dwoaj00ngle4,5vd6dwoaj00ngle4,career:230ae02ba8e3d61f,Caden Green,R,R,IF,,164,,,Active,3,greatfallsvoyagers
2024,of30cu7blhtqgcjj,of30cu7blhtqgcjj,career:7cbed0ee18eabcd7,Ryan Major,R,R,OF,70,185,2000-04-23,"Chula Vista, CA",Active,4,greatfallsvoyagers
2024,uovggtnkh4gyqp5c,uovggtnkh4gyqp5c,career:80f25a837012e0ab,Hylan Hall,R,R,OF,75,210,2001-01-19,,Active,5,greatfallsvoyagers
2024,k0pbya4a5lsi76d0,k0pbya4a5lsi76d0,career:30d77e738f7f6973,Roberto Gonzalez,R,R,IF,,,2001-02-27,,Inactive,6,greatfallsvoyagers
2024,hwvwiq264gkppgh0,hwvwiq264gkppgh0,career:e4295b208bc781af,Devin Hurdle,R,R,IF,,190,,,Active,6,greatfallsvoyagers
2024,g6ywfhe3b2k1o8bc,g6ywfhe3b2k1o8bc,career:abc8829c0466017e,Trae Robertson,L,L,,77,205,1999-11-10,"Columbia, MO",Active,7,greatfallsvoyagers
2024,jwty0796sgwjyobt,jwty0796sgwjyobt,career:b1bb7851870a5be0,Jason Pineda,R,R,P,73,235,1999-11-22,,Active,8,greatfallsvoyagers
2024,en3s39qfbmkhybft,en3s39qfbmkhybft,career:f1574a8553470487,Oscar Serratos Jr.,R,R,,,,,,Active,9,greatfallsvoyagers
2024,rj5px14vz0mi07v5,rj5px14vz0mi07v5,career:f6a4971a2f9da9b9,Riley Phillips,L,L,P,,200,2002-01-09,,Injured,10,greatfallsvoyagers
2024,63j1hep73rmd3z68,63j1hep73rmd3z68,career:ec665b7c147e11f7,Braden Forsyth,R,R,P,75,210,2000-05-09,"Coldwater, MS",Active,11,greatfallsvoyagers
2024,8dc0xjaimvr4n7w1,8dc0xjaimvr4n7w1,career:959a60a36c1e5d24,Nick Marshall,R,R,RHP,,,,,Active,12,greatfallsvoyagers
2024,yq2oka34kos6ljto,yq2oka34kos6ljto,career:648a91cdfd6140f3,Cael Chatham,L,R,IF,,195,2000-06-21,,Active,13,greatfallsvoyagers
2024,6nywmed9qtmn0mqr,6nywmed9qtmn0mqr,career:cc629a2542cc0343,Nolan LaMere,R,R,,,230,1999-10-06,"Harrison Township, MI",Inactive,14,greatfallsvoyagers
2024,lvew0k90t2ty8hso,lvew0k90t2ty8hso,career:86cf4c96f190950d,Will Spear,,,C,,,2001-01-09,,Active,15,greatfallsvoyagers
2024,iepo38tl6j9om1qw,iepo38tl6j9om1qw,career:866331df68fa9b4b,Danny Galvan,R,R,,71,190,2000-08-23,"Key West, FL",Injured,16,greatfallsvoyagers
2024,y7j2xeviqqqs87ak,y7j2xeviqqqs87ak,career:be5b63549c081d16,Stephen Greenlees,R,R,RHP,76,215,1996-05-07,,Inactive,16,greatfallsvoyagers
2024,0n33dnoom7cn5786,0n33dnoom7cn5786,career:41022cd68e055c1c,joshua Mosley,R,R,C,71,225,1998-08-13,"Chicago, IL",Inactive,17,greatfallsvoyagers
2024,6htbja5oyxa9qeqq,6htbja5oyxa9qeqq,career:2dab0cb7346947e8,Jeff Nicol,R,R,,,195,,,Active,17,greatfallsvoyagers
2024,a7jiqmpsr66x826b,a7jiqmpsr66x826b,career:d086c070d6f849e7,Kenny Carrillo,R,R,,,190,1998-11-23,"Bellflower, CA",Active,18,greatfallsvoyagers
2024,7rh5yr9h3xlxs4iz,7rh5yr9h3xlxs4iz,career:f1e7840c7b927835,Cameron (CJ) Czerwinski,R,R,,,210,,,Active,19,greatfallsvoyagers
2024,eg1e8i0j6jywoeie,eg1e8i0j6jywoeie,career:3c58974867a32b8d,Carter Gannaway,R,R,RHP,,,2001-02-14,"Decatur, AL",Inactive,19,greatfallsvoyagers
2024,o1pnmf0waxicfuty,o1pnmf0waxicfuty,career:d9ceb47b89062dcc,Jordan Hamberg,L,L,P,,195,,,Active,20,greatfallsvoyagers
2024,zw6qly6xv4zlnkxp,zw6qly6xv4zlnkxp,career:92282664f180f7ec,Dayan Reinoso,R,R,RHP,73,210,1998-08-27,"Paterson, NJ",Active,22,greatfallsvoyagers
2024,ejjvip09zufm08ji,ejjvip09zufm08ji,career:776d859a9d1fbee5,Freddy Rojas Jr.,L,R,IF,75,210,1999-06-12,,Active,23,greatfallsvoyagers
2024,hwskb8dtc3qd177z,hwskb8dtc3qd177z,career:daaa8bf224502ae4,Kody Putnam,R,R,INF,,,2001-05-15,,Injured,24,greatfallsvoyagers
2024,wpebuc2h72yqf7rv,wpebuc2h72yqf7rv,career:9dbacce900b5c4c6,Austin Stubber,R,R,P,,200,1998-12-16,,Active,24,greatfallsvoyagers
2024,k5rcleqay7vnp21i,k5rcleqay7vnp21i,career:10352b716e507a55,Jose Torrealba,L,L,LHP,,,1998-05-15,,Inactive,25,greatfallsvoyagers
2024,5xj2lbx8gibqbtme,5xj2lbx8gibqbtme,career:4c395663f78c365a,Caleb Turner,R,R,RHR,75,225,1999-11-10,,Inactive,26,greatfallsvoyagers
2024,n6jqxkj57eb6vv1f,n6jqxkj57eb6vv1f,career:41c103baf091b2d9,Zach Voelker,R,R,P,,215,,,Active,26,greatfallsvoyagers
2024,jnsuvhv8ig4nksqa,jnsuvhv8ig4nksqa,career:ecc93aa2289712a4,Steven Washilewski,R,L,P,73,195,1998-09-03,,Active,27,greatfallsvoyagers
2024,xnej7f2qlndsb0a9,xnej7f2qlndsb0a9,career:5c8243eb05541e45,Antonio Fernandez,L,L,C,75,195,1999-12-01,"Tucson, Arizona",Active,28,greatfallsvoyagers
2024,8trfwljzh82q6tuy,8trfwljzh82q6tuy,career:d01b00b6e4c0c29c,Mahki Backstrom,L,L,IF,,220,2001-10-10,,Inactive,29,greatfallsvoyagers
2024,pdzrh8j18y8ey7od,pdzrh8j18y8ey7od,career:cba8e7896d9fecef,Hernan Yanez,R,R,C,,,1999-01-09,,Active,30,greatfallsvoyagers
2024,u28h192ihhns2zhd,u28h192ihhns2zhd,career:ac82fb4744cb5cf4,Nate Madej,L,L,P,73,220,1999-05-22,,Active,33,greatfallsvoyagers
2024,o80ebiiht8tlgxtg,o80ebiiht8tlgxtg,career:b252b737e78fe88b,Frank Podkul,R,R,IF,,215,1995-06-03,"Shererville, IN",Active,34,greatfallsvoyagers
2024,8l8mykq2hc7q6z9r,8l8mykq2hc7q6z9r,career:06a69d456f9a8acf,Jeff Praml,R,R,RHP,77,190,1999-05-25,,Inactive,36,greatfallsvoyagers
2024,46phbqrkgwegy01q,46phbqrkgwegy01q,career:05b45685f4da078b,Luke Powell,L,L,,,205,,,Active,38,greatfallsvoyagers
2024,r6fgla0jmdiygiu2,r6fgla0jmdiygiu2,career:303786e4d58fe262,Ryan Holgate,L,L,,,193,2000-06-08,,Inactive,41,greatfallsvoyagers
2024,d8klvmlrumxlsg7s,d8klvmlrumxlsg7s,career:08df979e4a1f081c,Kyle Schroedle,R,R,OF,75,210,2000-03-17,"Redding, CA",Inactive,81,greatfallsvoyagers
2024,vtp5ksexz970stpl,vtp5ksexz970stpl,career:dcf1cadb1bfd98f1,Matthew Hickey,L,L,,,180,1999-12-03,,Inactive,88,greatfallsvoyagers
2024,ipbtlu5yc26m6owr,ipbtlu5yc26m6owr,career:d795c2a01133d4bc,AJ Fritz,R,R,RHP/INF,,190,1999-08-07,"Lebanon, OH",Injured,89,greatfallsvoyagers
2024,uhmknzazn1wwpm9g,uhmknzazn1wwpm9g,career:b5446e7c7513998c,Tyler Johnson,R,R,,,235,1998-08-22,"Rochester, NY",Inactive,90,greatfallsvoyagers
2024,fev0avbucgkazlgo,fev0avbucgkazlgo,career:b84adae6dc5f2534,Jose Melendez,R,R,C,,,2003-10-03,,Inactive,91,greatfallsvoyagers
2024,un2mhznxvrcv3mo8,un2mhznxvrcv3mo8,career:5ca7f496509b2b18,Will Lavin,R,R,P,,187,2000-11-19,,Inactive,93,greatfallsvoyagers
2024,eupo52qdphok2d0r,eupo52qdphok2d0r,career:67b1662df88b37c7,Shandon Herrera,R,R,,,195,1998-12-25,"Lubbock, TX",Inactive,94,greatfallsvoyagers
2024,hqhfqgjtroaf1wbm,hqhfqgjtroaf1wbm,career:b128f90671bc0910,Livingston Morris,R,R,OF,76,220,1998-08-21,,Inactive,96,greatfallsvoyagers
2024,36993wdd7ropkpmy,36993wdd7ropkpmy,career:92e073efc91a7336,Nico Felber,R,R,,72,190,2000-04-26,"Reading, PA",Inactive,97,greatfallsvoyagers
2024,9lz3pn2hm7jt30yw,9lz3pn2hm7jt30yw,career:8c9e465ed6e15e27,Marcos Castillo,R,R,OF,72,185,1998-12-24,,Inactive,98,greatfallsvoyagers
2024,4q3v2ura6g6jf2ip,4q3v2ura6g6jf2ip,career:016cbb2bd506a8e8,Alex Verdugo,R,R,RHR,75,180,1999-06-30,"Chula Vista, CA",Inactive,99,greatfallsvoyagers
2024,avpsx2qaduubvx7h,avpsx2qaduubvx7h,career:5d0bb31676779add,Connor Harrison,L,L,P,72,190,,,Active,2,idahofallschukars
2024,wnsulpxiylblklup,wnsulpxiylblklup,career:32c6d49f3d3f3950,Tyler Dyball,R,R,P,74,185,2000-06-28,,Active,3,idahofallschukars
2024,mczsi8v8ggxut91v,mczsi8v8ggxut91v,career:b46bcbd26282011e,Sam Downs,R,R,P,79,220,2000-07-06,,Inactive,4,idahofallschukars
2024,rmcjbuh4hum24pis,rmcjbuh4hum24pis,career:dd1c20dcc30e6ffe,Kyle Jenkins,L,R,OF,73,183,1999-05-12,,Inactive,5,idahofallschukars
2024,kon77aglbiqv05v6,kon77aglbiqv05v6,career:b38390e750b7933d,Austyn Coleman,R,R,P,,200,2000-02-05,,Active,6,idahofallschukars
2024,zkdyk7md5gpj3o3w,zkdyk7md5gpj3o3w,career:060381c879ccad48,Robert Barham,R,R,C,75,220,1998-07-08,,Inactive,7,idahofallschukars
2024,piaqe8071et9bkkb,piaqe8071et9bkkb,career:3a33af18830603c4,Gabe Ramos,L,R,OF/1B,74,215,1999-09-09,,Inactive,8,idahofallschukars
2024,ngztjamb7gyli5de,ngztjamb7gyli5de,career:bbe5055591a358fa,Tyler Wyatt,R,R,IF,72,195,1996-12-09,"Glendale, AZ",Active,9,idahofallschukars
2024,snzrxsefvfmncasz,snzrxsefvfmncasz,career:4f6d3223281ac61d,Sergio Ramirez,R,R,P,69,185,2000-06-03,,Inactive,10,idahofallschukars
2024,4jf1wpxr7r3ua3dc,4jf1wpxr7r3ua3dc,career:a99ea9670b6405c9,Myles Austin,R,R,IF,75,188,2001-02-05,"Atlanta, GA",Inactive,11,idahofallschukars
2024,l8xf2v4o45fekc9t,l8xf2v4o45fekc9t,career:eef4cea88cf390d8,Nicolo Pinazzi,L,L,LHR,74,200,1999-10-25,"Milano, Italy",Active,11,idahofallschukars
2024,9kqnejirklvoikti,9kqnejirklvoikti,career:4436735332aa8c58,Brandon Bohning,R,R,SS,,180,1999-02-08,,Active,12,idahofallschukars
2024,rvdqzhw0afsr2t8b,rvdqzhw0afsr2t8b,career:135cae742414e21e,Bryant Bagshaw,R,R,P,73,185,1999-09-24,"Lake Havasu, AZ",Inactive,13,idahofallschukars
2024,n9lstztlg4d3iipo,n9lstztlg4d3iipo,career:f55b3475370d2eb1,Owen Sharts,R,R,P,74,190,1999-11-23,,Active,13,idahofallschukars
2024,awa8dok4oivihm50,awa8dok4oivihm50,career:93d5338f1b9fef16,Noah Gent,R,R,2B,72,205,2000-10-18,,Inactive,15,idahofallschukars
2024,e70l07jap433trbp,e70l07jap433trbp,career:0ce97d6e3453ab5a,Trevor Rogers,L,L,1B,75,205,1998-10-30,,Active,15,idahofallschukars
2024,fu9t69ot5sqemdf9,fu9t69ot5sqemdf9,career:b8010e291960e357,Ryan Mccarthy,R,R,C,69,185,,,Active,17,idahofallschukars
2024,ur1t6gz98gh9y0ie,ur1t6gz98gh9y0ie,career:cb3fdded6ac6db73,Nate Weeldreyer,R,R,P,73,220,2000-10-31,,Injured,18,idahofallschukars
2024,u4g697iezy47tc83,u4g697iezy47tc83,career:1e03e19be9c080fb,Theo Hardy,R,R,INF,,,2001-11-27,,Inactive,19,idahofallschukars
2024,95gbasl0yx1gsw58,95gbasl0yx1gsw58,career:83c6e7333e36f0b4,Luke Hempel,S,R,P,77,195,2000-01-02,,Active,20,idahofallschukars
2024,q13vtm4wki9sm0jc,q13vtm4wki9sm0jc,career:6333a47ead41e8d3,Zaid Walker,R,R,OF,74,210,1999-11-06,,Inactive,21,idahofallschukars
2024,oucjjh7nh43wiwl7,oucjjh7nh43wiwl7,career:f075f1d5ff5c4c0b,Dusty Baird,R,R,P,80,220,1997-09-24,"Indianapolis, IN",Injured,22,idahofallschukars
2024,ymk57n88vcjs40at,ymk57n88vcjs40at,career:b357b7fbb99699b4,Kevin Johnson,R,R,OF,73,185,1999-01-26,,Inactive,24,idahofallschukars
2024,91jdicgbk4tmbrnk,91jdicgbk4tmbrnk,career:7553ba300a08a8d1,Jacob Jablonski,S,R,INF,74,215,1999-02-05,,Active,25,idahofallschukars
2024,7ygvtnwjlgcnq19p,7ygvtnwjlgcnq19p,career:b419855c0442cfa6,Nate Lamb,L,L,P,77,230,,Greenville South Carolina,Inactive,26,idahofallschukars
2024,a0pqpmbe7rvl1bag,a0pqpmbe7rvl1bag,career:d7615cbafe20121c,Michael Bono,R,R,P,73,177,1996-11-03,,Inactive,27,idahofallschukars
2024,ul7h0bcu6o7du6ue,ul7h0bcu6o7du6ue,career:9e7c6d3057c7b9d0,Roberto Gonzalez,R,R,INF,,,2000-03-27,,Inactive,27,idahofallschukars
2024,7w57ifk3meih3z40,7w57ifk3meih3z40,career:43ee4561d6ccd6f7,Luke Navigato,R,R,2B,71,180,1995-09-07,,Injured,27,idahofallschukars
2024,n7fadvlzeewkd5t9,n7fadvlzeewkd5t9,career:083a8a0e1f8f8480,Garret Ostrander,R,R,INF,71,190,2002-01-29,,Active,27,idahofallschukars
2024,ldjyx02lg6bt2cio,ldjyx02lg6bt2cio,career:3786167658028b57,Steven Ordorica,R,R,P,,180,,,Active,28,idahofallschukars
2024,5ovlutx9soxgativ,5ovlutx9soxgativ,career:cc2fc9170d506f53,Chase Stratton,R,L,P,69,200,,"Clearfield, Utah",Inactive,29,idahofallschukars
2024,dtq1falw3q8c2jdb,dtq1falw3q8c2jdb,career:fe5c8dd908728cc8,Chris Monroe,R,R,1B,77,250,1999-02-26,"Champaign, IL",Inactive,30,idahofallschukars
2024,mleqrzubv7q2xjae,mleqrzubv7q2xjae,career:6e7253cd68de14e9,Casey Minchey,L,L,RHS,,,1999-12-07,,Inactive,31,idahofallschukars
2024,f3efkg1s7kbcokz9,f3efkg1s7kbcokz9,career:ac44d596c12feef4,Nick Iannantone,L,R,OF,74,235,2001-03-09,,Active,32,idahofallschukars
2024,vycie1yyk0hsk8hu,vycie1yyk0hsk8hu,career:6b58f8040e81cc5e,Caleb Reyes,R,R,P,72,210,2000-10-03,,Active,33,idahofallschukars
2024,4vyx9nyk5pts61cq,4vyx9nyk5pts61cq,career:e7998ea55c8aebfc,Tyler Naumann,L,L,P,74,195,1998-05-14,,Active,34,idahofallschukars
2024,w06ibvt0d4952b14,w06ibvt0d4952b14,career:4439d13ebb700c12,Craig Corliss,R,R,C/1B,72,215,1997-06-24,"Providence, RI",Inactive,35,idahofallschukars
2024,x41lkemkkye4unth,x41lkemkkye4unth,career:4fc4ed97e8cd9c80,Rob Hughes,R,R,P,,,2001-01-07,,Active,36,idahofallschukars
2024,bfkk9fpy6g6xatbv,bfkk9fpy6g6xatbv,career:1ebd066e62b252e1,Ryan Jares,R,R,RHS,74,205,,"Jacksonville, FL",Inactive,37,idahofallschukars
2024,y1d3fv4aiq9nqiv0,y1d3fv4aiq9nqiv0,career:6b530c9e64b17b46,Gary Grosjean,S,R,P,,,2000-04-30,,Active,38,idahofallschukars
2024,4loj04h494ytbc5u,4loj04h494ytbc5u,career:0b1a6f64ba77e01b,Thomas McCaffrey,R,R,C,71,205,2001-11-30,"Santa Monica, CA",Active,39,idahofallschukars
2024,b12fo10p82boenc5,b12fo10p82boenc5,career:8169d51abec5d3b7,Grady Morgan,L,R,OF,74,215,2000-06-27,,Active,40,idahofallschukars
2024,att5bqtnezkgbyfy,att5bqtnezkgbyfy,career:3c9ace098655f91d,Brian Williams,R,R,P,74,200,1997-12-24,"Bryan, TX",Active,45,idahofallschukars
2024,69m1ixrfhcb4d7je,69m1ixrfhcb4d7je,career:8c8a85a22134552c,Connor Caporale,R,R,P,76,185,1998-11-01,Vacaville CA,Inactive,47,idahofallschukars
2024,bro5qynlwrwb332v,bro5qynlwrwb332v,career:c0d7cf910d829cbe,Garrett VanDeventer,L,L,P,,,2001-08-23,,Inactive,47,idahofallschukars
2024,xk2o184at8ug84wo,xk2o184at8ug84wo,career:addb5a84a158f984,Jacob Shanks,R,R,OF,72,180,1999-06-29,,Active,48,idahofallschukars
2024,sun21p081dja7tx6,sun21p081dja7tx6,career:1857f38d3806d030,Robbie Brown,R,R,P,75,210,1998-02-27,"Fort Mohave, AZ",Inactive,49,idahofallschukars
2024,w6l1imwauso622tx,w6l1imwauso622tx,career:1a68c6cc6e4fde48,Garrett Crowley,R,L,P,,225,1999-12-06,,Active,50,idahofallschukars
2024,8l75ehpmydc46lq3,8l75ehpmydc46lq3,career:a64fb5cab813b96f,Trevor Jackson,R,R,RHP,,,1997-11-06,"Las Vegas, NV",Active,77,idahofallschukars
2024,jcnju9ohz36hq737,jcnju9ohz36hq737,career:6d2bb93833d5f68a,Anthony Mata,R,R,INF,74,180,2002-02-22,,Active,91,idahofallschukars
2024,aw07u2r2viwnmdzg,aw07u2r2viwnmdzg,career:a71bbb8f07f51c8a,Chase Hanson,L,R,OF,76,200,1999-10-12,,Active,95,idahofallschukars
2024,9mbfs3zl3lyaizmf,9mbfs3zl3lyaizmf,career:bfeaa117dc648eb0,Anthony Quattrocchi,R,R,P,74,194,,,Injured,97,idahofallschukars
2024,fwxon5l9s76og2ux,fwxon5l9s76og2ux,career:c71d6e98d0af145f,John Czeslawski,R,R,P,76,215,1999-10-09,"Chicago, IL",Inactive,98,idahofallschukars
2024,jom34rf64bxd763d,jom34rf64bxd763d,career:bf51330c0ce46264,Owen Young,R,R,1B,76,190,1997-06-21,"Alexandria, IN",Inactive,99,idahofallschukars
2024,cr58tx8qwj3he6zd,cr58tx8qwj3he6zd,career:7a0fca4dd81a83fa,Patrick Chung,L,R,IF,67,165,1995-06-15,"Everett, Washington",Active,1,missoulapaddleheads
2024,glrhrgv4qegkywkb,glrhrgv4qegkywkb,career:085d6419aba197e4,Kamron Willman,R,R,IF,75,175,1998-02-25,"Bakersfield, CA",Active,2,missoulapaddleheads
2024,aen6hvh3710j9fp4,aen6hvh3710j9fp4,career:4f006d41c196a106,Hayden Travinski,R,R,,75,228,2000-10-17,"Shreveport, LA",Active,3,missoulapaddleheads
2024,gscpiyvrrtdxx50m,gscpiyvrrtdxx50m,career:015ff2334be997ea,Josh Elvir,R,R,OF,74,220,1995-10-23,"Kemah, Texas",Active,4,missoulapaddleheads
2024,9ydll1pfl22frooy,9ydll1pfl22frooy,career:cd9279b4ce05b7c0,Giovanni DiGiacomo,L,L,OF,73,187,2000-05-18,"Naples, FL",Inactive,5,missoulapaddleheads
2024,vhxqdw6xrlcjmvzf,vhxqdw6xrlcjmvzf,career:8e7c48d4c27409c8,Jonah Jenkins,R,R,P,73,205,1999-01-20,"Denver, CO",Inactive,5,missoulapaddleheads
2024,gz3x4am779xxs5jr,gz3x4am779xxs5jr,career:7475633b819e959b,Alec Sanchez,L,R,OF,71,203,1998-10-26,"Jacksonville, Florida",Active,6,missoulapaddleheads
2024,y60jf9pg4ql8s0hx,y60jf9pg4ql8s0hx,career:7aaf184d81b91103,Roberto Pena,R,R,IF,72,190,1999-11-13,"Carcas, Venezuela",Active,7,missoulapaddleheads
2024,ebqvjt3glmah4nv1,ebqvjt3glmah4nv1,career:d7cb3ef9f81f6b17,Colin Gordon,S,R,2B,72,190,1998-02-15,"West Valley City, UT",Active,8,missoulapaddleheads
2024,8nhw0e46ehg48cf1,8nhw0e46ehg48cf1,career:62a50900df26b569,Alfredo Villa,R,R,P,72,220,1997-09-03,"Tucson, Arizona",Active,9,missoulapaddleheads
2024,4cm1cybv1u10t4q2,4cm1cybv1u10t4q2,career:5e9264aefbfe99ab,Collin Runge,R,R,3B,72,190,1996-11-13,"Redmond, Oregon",Injured,11,missoulapaddleheads
2024,pzdkspfc5jqjdj1t,pzdkspfc5jqjdj1t,career:3d558e42706fa741,Trent Anderson,L,L,P,76,235,2002-04-08,"Hermann, MO",Inactive,12,missoulapaddleheads
2024,pixk8q9u5z1c2970,pixk8q9u5z1c2970,career:9f41a7a27c8b6ecc,Tim Cunningham,R,R,P,78,220,2000-12-20,"Davie, FL",Inactive,12,missoulapaddleheads
2024,2yb6rbatid77vw0i,2yb6rbatid77vw0i,career:37c4744431728a07,Robert Dudzinski,R,R,P,76,215,,"Elburn, IL",Active,12,missoulapaddleheads
2024,i6ipq86wy1pvyev0,i6ipq86wy1pvyev0,career:8a827131313ce565,Kenny Jinks,L,L,P,,,,"Cartersville, GA",Inactive,13,missoulapaddleheads
2024,cp1etm66a78jbd11,cp1etm66a78jbd11,career:80d70977275f2799,Reece Yeargain,R,R,C,73,195,1997-04-19,"Chester, Virginia",Inactive,13,missoulapaddleheads
2024,xne75fbcwhzifral,xne75fbcwhzifral,career:07c7f7b02f64f2e3,Dawson Day,R,R,P,72,205,1998-10-12,"Gresham, Oregon",Active,15,missoulapaddleheads
2024,d0fkblbw9mdw494k,d0fkblbw9mdw494k,career:702af51a2999d904,Jestin Jones,R,R,P,,,2000-06-22,"Fort Myers, Florida",Active,17,missoulapaddleheads
2024,erpmd05k7lxkqk0j,erpmd05k7lxkqk0j,career:e90da43d45ebf217,Luis Navarro,R,R,C,72,200,1994-12-18,"David, Panama",Inactive,18,missoulapaddleheads
2024,8zl9pp4t61179v3n,8zl9pp4t61179v3n,career:2a6581ce998f2591,Carlos Perez,R,R,C,73,203,,"La Habana, Cuba",Active,18,missoulapaddleheads
2024,u5aaxj5bii10t8ku,u5aaxj5bii10t8ku,career:648e16a8d4704b6b,Christian Ciuffetelli,R,R,P,74,200,1999-12-27,"Irvine, Ca",Active,19,missoulapaddleheads
2024,lq52vmlp6oj79f2x,lq52vmlp6oj79f2x,career:6d36ad1845ddf8cc,Banks Tolley,R,R,OF,72,200,2000-03-13,"Madison, Mississippi",Inactive,19,missoulapaddleheads
2024,8xzss1dnzfga8hsr,8xzss1dnzfga8hsr,career:a215491f897faca7,Albert Cuello-Batista,R,R,P,73,205,2000-08-16,"Manchester, New Hampshire",Inactive,20,missoulapaddleheads
2024,izor0an5p6fg5jxr,izor0an5p6fg5jxr,career:a3280ae8e333321c,Connor Schultz,R,R,,,6'4,1999-02-12,"Cedar Falls, IA",Inactive,20,missoulapaddleheads
2024,k0g6sblr2d4wu9zg,k0g6sblr2d4wu9zg,career:f2c62afe8b4797b5,Mike Rosario,L,L,OF,73,202,2000-07-22,"Gainesville, Florida",Active,21,missoulapaddleheads
2024,hsdths9ef4aj2x6d,hsdths9ef4aj2x6d,career:e415335985cfbfff,Cameron Thompson,L,R,IF,71,190,1997-10-14,"Pasadena, Texas",Active,22,missoulapaddleheads
2024,19a9wnzin9avvet1,19a9wnzin9avvet1,career:ee6df5d0126db91c,Andrew Garcia,R,R,P,71,190,1998-07-29,"Lancaster, California",Active,23,missoulapaddleheads
2024,74f2ul8oj9ziwp6e,74f2ul8oj9ziwp6e,career:7251d47fdf85551d,Ethan Swanson,R,R,P,69,185,1999-05-28,"Alva, Oklahoma",Active,25,missoulapaddleheads
2024,9l910el42nwgabhj,9l910el42nwgabhj,career:977290f1f24d4be6,Mark Timmins,R,R,P,75,205,1998-05-12,"Omaha, Nebraska",Active,26,missoulapaddleheads
2024,koqpcmgoa2kpsx80,koqpcmgoa2kpsx80,career:6f66af2038a6dd9e,Taylor Smith,R,R,C,73,225,2000-02-25,"Georgetown, Texas",Active,27,missoulapaddleheads
2024,hhwze5mdmby945dz,hhwze5mdmby945dz,career:b8e1e8a6877c2223,Nick Parker,R,R,,73,208,1999-10-17,"Rockwell, TX",Active,28,missoulapaddleheads
2024,2jekl5p0bw0dcauf,2jekl5p0bw0dcauf,career:9d3d9c529e63ae9d,Nick Smith,R,R,P,76,235,2000-07-18,"Boonville, IN",Injured,29,missoulapaddleheads
2024,tw3g3g8l1rabfd58,tw3g3g8l1rabfd58,career:bc032436be080345,Jonathan Clark,R,R,P,73,190,2000-06-03,"Redwood City, California",Active,30,missoulapaddleheads
2024,ow5xb5vu4sghu3vz,ow5xb5vu4sghu3vz,career:87d717258e4ab2c1,Noah McBride,L,L,P,75,215,1999-06-01,"Lakeside, CA",Active,31,missoulapaddleheads
2024,kac14my78mwcltzf,kac14my78mwcltzf,career:42051f1222b4273c,Jimmy Loper,R,R,P,76,215,,"Honolulu, HI",Active,32,missoulapaddleheads
2024,c77edpz75d3za5my,c77edpz75d3za5my,career:0cae631ebcd9f8c6,Garrett Eddy,L,L,P,73,185,1991-06-26,"Chicago, IL",Active,37,missoulapaddleheads
2024,w8m7czaz1zc2f6ka,w8m7czaz1zc2f6ka,career:42d9a1ed8166b9b0,Mason Bryant,R,R,P,78,225,2000-02-16,"Austin, TX",Inactive,38,missoulapaddleheads
2024,71az1dbl2oo220qr,71az1dbl2oo220qr,career:655f62c0c389fa98,Arman Sabouri,R,L,P,70,200,1998-06-28,"Santa Clara, California",Active,40,missoulapaddleheads
2024,jou038gupboqkglm,jou038gupboqkglm,career:33d074ed01d48e61,Adam Fogel,R,R,OF,77,215,1998-09-02,"Palos Verdes Estates, CA",Active,55,missoulapaddleheads
2024,wpf5zn8yuig1xvjq,wpf5zn8yuig1xvjq,career:ac4f7d1b189b5742,Tyler Johnson,L,L,1B,72,220,1999-10-25,"Bentonville, AR",Inactive,64,missoulapaddleheads
2024,y1iw2ag9p6we2d7d,y1iw2ag9p6we2d7d,career:8a9dc0d8b8b59a09,Curran Jacobs,R,R,P,77,242,2000-05-17,,Inactive,72,missoulapaddleheads
2024,93bvuamjlm66eaqu,93bvuamjlm66eaqu,career:f079a4269e7fe1f1,Jaylon Lee,R,R,OF,71,200,1995-12-13,"Newport News, VA",Inactive,90,missoulapaddleheads
2024,n3fr0cvnro4s1gfy,n3fr0cvnro4s1gfy,career:88fb86dbd0e64424,Reece Fields,R,R,P,74,200,2001-09-20,"West Columbia, SC",Inactive,98,missoulapaddleheads
2024,dledqo0jza7jumab,dledqo0jza7jumab,career:acd29c2ecf9deb82,Mark Schommer,R,R,P,76,235,2000-07-18,"Boonville, IN",Inactive,99,missoulapaddleheads
2024,lmdqcass6pt006xa,lmdqcass6pt006xa,career:58a36ca2df315906,Euro Diaz,L,L,OF,,180,1999-04-04,"Houston, TX",Active,2,northerncoloradoowlz
2024,18xjass4s3okcxu5,18xjass4s3okcxu5,career:273a66a331384dcd,Damon Maynard,R,R,C,70,185,1999-01-05,"Indianapolis, Ind.",Active,3,northerncoloradoowlz
2024,h4tmaxhcifcr04tj,h4tmaxhcifcr04tj,career:347a323dd60c51b8,Henry George,L,L,OF,,180,1998-12-05,"Woodbury, Minn.",Active,5,northerncoloradoowlz
2024,wswcdo5rkhdrmp2h,wswcdo5rkhdrmp2h,career:ecfe9ea4a409c24e,Jonny Barditch,R,R,IF,66,165,2000-02-16,"Miami, Fla.",Active,7,northerncoloradoowlz
2024,2x2nz84vkfjzctz5,2x2nz84vkfjzctz5,career:87d6f85ede1afbe7,Kevin Jimenez,L,R,IF,,190,1999-03-24,"Tucson, AZ",Active,8,northerncoloradoowlz
2024,uoxwwfw4e7ua5izk,uoxwwfw4e7ua5izk,career:c0d8849acbc3b146,Tyler Curtis,R,R,RHP,,200,1999-11-15,"Las Vegas, Nev.",Active,9,northerncoloradoowlz
2024,xuuaxwurjn3nfkjp,xuuaxwurjn3nfkjp,career:560cc639251ebf1d,Omar Ortiz,R,R,IF,,210,1998-07-25,"Las Vegas, Nev.",Inactive,9,northerncoloradoowlz
2024,mpbr6yirdxhj36zi,mpbr6yirdxhj36zi,career:4007222b8af3a971,Abdel Guadalupe,R,R,OF,70,185,1997-02-20,"Fajardo, Puerto Rico",Active,12,northerncoloradoowlz
2024,44znfpd12rwthh1p,44znfpd12rwthh1p,career:d84151a53a2666cb,Chris Brady,R,R,C,72,195,1999-02-02,"Arlington, VA",Inactive,14,northerncoloradoowlz
2024,iqdo087snqkus8c0,iqdo087snqkus8c0,career:0db1ea2a5ea80aef,Reece Yeargain,R,R,C,73,195,1997-04-19,,Active,14,northerncoloradoowlz
2024,t8mu8ambhqo05rkt,t8mu8ambhqo05rkt,career:bdcf61d1b16aad44,Mark Tindall,R,R,RHP,,220,1998-03-24,"Houston, Texas",Active,15,northerncoloradoowlz
2024,vbh3nyxzr56grlis,vbh3nyxzr56grlis,career:1c16685146e758cb,Carter Linton,R,R,RHP,,195,1998-06-14,"Kingsport, Tenn.",Active,16,northerncoloradoowlz
2024,w9jyd9epu857c7bh,w9jyd9epu857c7bh,career:35b652af0fd5f7cb,Brandon Kaminer,L,L,LHP,,205,1999-05-28,"Plantation, Fla.",Active,17,northerncoloradoowlz
2024,5fqljf4w5b6yz32d,5fqljf4w5b6yz32d,career:6ccd84a6b55e4616,Danny Perez,L,R,IF,,225,1998-07-23,"Queens, NY",Active,18,northerncoloradoowlz
2024,10fcz4tbqx3hij8l,10fcz4tbqx3hij8l,career:365e9c20a95282eb,Dario Gomez,R,R,OF,,199,2000-03-28,"Oakley, Calif.",Active,19,northerncoloradoowlz
2024,kyzpt79w9n9nxo36,kyzpt79w9n9nxo36,career:afbf50aa48ff1d67,Dave Matthews,L,L,OF,,215,1997-10-19,"Newtown, Conn.",Active,20,northerncoloradoowlz
2024,9dyy2wtipddph35a,9dyy2wtipddph35a,career:918582d67b666a84,Jacob McCaskey,R,R,IF/RHP,,205,1999-09-30,"Tarentum, Pa.",Active,21,northerncoloradoowlz
2024,z4pola979v5tt8la,z4pola979v5tt8la,career:9b3de8f36bc977f9,Dutch Landis,R,R,RHP,,210,2001-06-03,"Las Vegas, Nev.",Active,22,northerncoloradoowlz
2024,kp4qf4i7gq5p5536,kp4qf4i7gq5p5536,career:a3a66276483695e1,Kevin Santiago,R,R,IF,,200,1998-10-26,"Jayuya, Puerto Rico",Active,23,northerncoloradoowlz
2024,e92v989rd7yvxzz1,e92v989rd7yvxzz1,career:f07eec0e19a2a2e7,Chase Jessee,L,L,LHP,,210,1999-06-08,"Mansfield, Ohio",Active,24,northerncoloradoowlz
2024,oiuugksp6v2ftkdz,oiuugksp6v2ftkdz,career:cf20608ab9ba4ce7,Nathan Draves,R,R,RHP,,245,1999-04-03,"Manhattan Beach, Calif.",Active,26,northerncoloradoowlz
2024,2pur31lwbf9kduyi,2pur31lwbf9kduyi,career:f6df48dc153c8d0e,Chase Gearing,R,R,RHP,,190,1999-08-18,"Troy, Mich.",Active,28,northerncoloradoowlz
2024,5nzkp731gui2tuqq,5nzkp731gui2tuqq,career:e94079b5b39eeeab,Reese Miller,R,R,RHP,74,205,2000-05-28,"Dayton, Texas",Active,29,northerncoloradoowlz
2024,u584ghd1jozncvgr,u584ghd1jozncvgr,career:a6d0b81273a80c26,Chase Martinez,R,R,RHP,70,190,1999-04-12,"San Diego, Calif.",Active,31,northerncoloradoowlz
2024,rh9f2ek376lfc148,rh9f2ek376lfc148,career:f61083a35da53eb4,Evan Scavotto,R,R,IF,,200,2001-10-30,"Puyallup, Wash.",Active,32,northerncoloradoowlz
2024,uz46r2ds4bvhi1eg,uz46r2ds4bvhi1eg,career:028f277dbcf43e05,Dalton Ross,R,R,RHP,,205,1998-07-16,"Statesboro, Ga.",Active,33,northerncoloradoowlz
2024,vvdx8t34ji0y2gn9,vvdx8t34ji0y2gn9,career:e65f3dbd920135dc,Robb Adams,L,L,LHP,76,185,1998-12-26,"Arcadia, Fla.",Active,34,northerncoloradoowlz
2024,5z6i7mxsboq24cmm,5z6i7mxsboq24cmm,career:e8aacbd76985bc75,Jackson Coutts,L,R,IF,,240,1998-09-01,"Orono, ME",Active,36,northerncoloradoowlz
2024,so4ip9z0y9489jtw,so4ip9z0y9489jtw,career:800187d621c9862c,Kris Massey,L,L,LHP,76,200,1999-11-05,"Indianapolis, Ind.",Inactive,66,northerncoloradoowlz
2024,4p75zf2hynf21qgn,4p75zf2hynf21qgn,career:70f157755c83a2e8,Sam Low,R,R,IF,74,180,2001-04-27,"Littleton, Colo.",Inactive,67,northerncoloradoowlz
2024,wuffp5k6iedl9yvi,wuffp5k6iedl9yvi,career:860ecdcf8a2c7484,Garrett Kueber,R,R,IF,,185,1996-09-26,"Clarksville, Tenn.",Inactive,76,northerncoloradoowlz
2024,aag4p2jl83ftumua,aag4p2jl83ftumua,career:447597798a8e24a4,Eric Gustofson,L,L,LHP,72,197,2001-12-20,"Easton, Pa.",Inactive,77,northerncoloradoowlz
2024,ygz2nhvazzlvmg89,ygz2nhvazzlvmg89,career:ef1aefa5f0f43f6d,Johnny Colombo,R,R,,75,185,2000-05-25,"Chicago, Ill.",Inactive,79,northerncoloradoowlz
2024,mu8a6mfreomdj51a,mu8a6mfreomdj51a,career:43abe46f7046360d,Starling Perez,R,R,RHP,75,182,2000-09-02,,Inactive,81,northerncoloradoowlz
2024,qlvetbdmpg72cii3,qlvetbdmpg72cii3,career:45d80fe618950c20,Raul Ortega,S,R,,,,1999-09-04,"Nutley, N.J.",Inactive,87,northerncoloradoowlz
2024,adzjcff2x1u71g6i,adzjcff2x1u71g6i,career:e003af404c034997,Brandon Trammell,L,R,OF,77,235,1998-10-27,"Knoxville, Tenn.",Inactive,96,northerncoloradoowlz
2024,ayswwag8i6d9vz9h,ayswwag8i6d9vz9h,career:a5b0cff28c98ca30,Gabriel Lundbeck,R,R,P,,190,1999-11-06,,Inactive,97,northerncoloradoowlz
2024,wnxzjldog2kwwmrq,wnxzjldog2kwwmrq,career:6f03d7bc7b32e2f2,Trent Weldon,R,R,IF,73,200,1998-07-01,,Inactive,98,northerncoloradoowlz
2024,ttvanbk1azfgpa4x,ttvanbk1azfgpa4x,career:0516e3028ee4d4a9,Reid Johnson,R,R,RHP,78,200,2002-05-31,"Frederick, Colo.",Inactive,99,northerncoloradoowlz
2024,az4ih8utwyknljrz,az4ih8utwyknljrz,career:591fbfa3f171132b,Payton Harden,L,L,OF,68,158,2000-07-11,"Atascocita, TX",Injured,1,oaklandballers
2024,35dyp57wosq2r51n,35dyp57wosq2r51n,career:5df4ecaf8e25611f,Jaylen Smith,R,R,3B,70,195,1997-06-25,"Lithonia, GA",Active,3,oaklandballers
2024,bs3tai4sg07adq95,bs3tai4sg07adq95,career:50b2bc8670a72e57,Brett Carson,L,L,CF,71,190,2000-07-28,"Ashville, Ohio",Active,4,oaklandballers
2024,1m0mow8j971q3eth,1m0mow8j971q3eth,career:978cd267058e936b,Dan Covino,L,R,2B,,,2000-10-05,,Inactive,4,oaklandballers
2024,7g10t9eaymev8tky,7g10t9eaymev8tky,career:1538f62a17988fce,John Pyle,R,R,UTL,72,195,2002-09-13,"San Diego, CA",Inactive,4,oaklandballers
2024,dp723km1thlio6tb,dp723km1thlio6tb,career:937fb8acdec4d06e,Brad Burckel,L,R,2B,68,175,1999-10-13,"Lindale, TX",Active,5,oaklandballers
2024,qtb6lnpca3092enm,qtb6lnpca3092enm,career:481e1a9dec2b3e42,Kyle Guerra,L,R,OF,69,175,1998-09-01,"San Leandro, CA",Active,7,oaklandballers
2024,2txeba3l9o0tzy8o,2txeba3l9o0tzy8o,career:91f13f3c425392e9,TJ Czyz,R,R,P,73,180,2000-09-12,"Reno, NV",Inactive,8,oaklandballers
2024,6l9ju1ccozohpq77,6l9ju1ccozohpq77,career:3f902c705794e356,Alex Escobar,R,R,P,71,175,2000-05-06,"Modesto, CA",Inactive,8,oaklandballers
2024,yfto6vkm3p1z1k76,yfto6vkm3p1z1k76,career:e86e3fdaea95db1b,Kelsie Whitmore,S,R,P,66,160,1998-06-05,"San Diego, CA",Protected,9,oaklandballers
2024,wwrblow8x6w3cv5l,wwrblow8x6w3cv5l,career:6abea20a6f415ab0,Myles Jefferson,R,R,SS,71,192,2000-08-27,"Katy, TX",Inactive,10,oaklandballers
2024,38v47s9fbcnl1amg,38v47s9fbcnl1amg,career:13677f7ad974421d,Kyle Pijaszek,R,R,RHP,72,180,2002-02-07,"Grand Blanc, MI",Active,10,oaklandballers
2024,v8snr9e9affrgnbz,v8snr9e9affrgnbz,career:5fd8c3323e0444d9,Nick Adgar,R,R,OF,73,230,1996-11-14,"Alameda, CA",Inactive,11,oaklandballers
2024,zx4hjdlaphp68kp6,zx4hjdlaphp68kp6,career:66aaadeb92373e19,Bradley Burdett,L,L,P,,,1995-02-20,,Inactive,11,oaklandballers
2024,m0obhuxtbln6cb96,m0obhuxtbln6cb96,career:43985efa26b41fdd,Stephen Wilmer,S,L,OF,69,200,2000-02-29,"Sarasota, Florida",Active,11,oaklandballers
2024,ksk97h8qcj0sgd49,ksk97h8qcj0sgd49,career:5256c29eca2b0126,Zach St. Pierre,R,R,P,71,185,1998-02-16,"Allen, TX",Active,14,oaklandballers
2024,11piarqvgvrzh724,11piarqvgvrzh724,career:7d7ec1f269c2fe75,JP Gates,L,L,P/1B,74,230,1999-12-04,"Brooksville, FL",Inactive,15,oaklandballers
2024,zsf1ptdh764xxxm6,zsf1ptdh764xxxm6,career:86a99ac776b97932,Carson Lambert,L,R,P,76,200,1999-09-02,"Thousand Oaks, CA",Active,16,oaklandballers
2024,a2h1qe47e3raipz9,a2h1qe47e3raipz9,career:9e44814124d5b6d9,Reed Butz,L,L,P,74,190,1996-11-16,"Rockford, IL",Active,17,oaklandballers
2024,spkrmn1lntn5rifc,spkrmn1lntn5rifc,career:e74fd96dd25ae498,Drew Woodcox,R,R,OF,72,200,2001-07-16,"Houston, TX",Inactive,18,oaklandballers
2024,59sd4opre7ey9ce0,59sd4opre7ey9ce0,career:1f17b18683fa97f5,Brett Barrera,R,R,3B,74,215,2001-05-07,"Rancho Cucamonga, CA",Active,19,oaklandballers
2024,llgwk1grslyd4cvb,llgwk1grslyd4cvb,career:dbed4ebac0d029b4,Aaron Eden,R,R,P,74,225,1999-11-16,"Los Angeles, CA",Inactive,19,oaklandballers
2024,qqvjjxf920gceqvr,qqvjjxf920gceqvr,career:a084c3413297a20d,Andrew Martinez,R,R,INF,71,185,1997-06-17,"San Francisco, CA",Inactive,19,oaklandballers
2024,0cd7pfsbqrrvnpoj,0cd7pfsbqrrvnpoj,career:711a4dca9f5b263b,Dondrei Hubbard,R,R,OF,72,230,1995-05-05,"Houston, TX",Active,20,oaklandballers
2024,kugpp6i7m004w7ps,kugpp6i7m004w7ps,career:920f215fd2f16d5e,Connor Sullivan,R,R,P,77,175,2001-07-04,"Martinez, CA",Active,21,oaklandballers
2024,rnip55032k74edbk,rnip55032k74edbk,career:8495bc1032531161,Chandler David,R,R,P,73,205,2000-10-03,"Van Alstyne, TX",Active,22,oaklandballers
2024,mrj63gyklqqmbnl9,mrj63gyklqqmbnl9,career:15cbaa403c1b279d,Tyler Davis,R,R,TWP,75,210,1998-10-03,"Webster, TX",Inactive,22,oaklandballers
2024,6o95zsogcrrn1mp5,6o95zsogcrrn1mp5,career:1c95bbff9d37782e,Noah Martinez,L,L,1B,77,235,1999-08-27,"New Milford, CT",Active,23,oaklandballers
2024,p605h5xhsf2gsora,p605h5xhsf2gsora,career:ff0cb4038a71cd48,Ian Jenkins,R,R,OF,71,205,1998-04-28,"Atlanta, GA",Inactive,24,oaklandballers
2024,8xhazkb5zc41bz6c,8xhazkb5zc41bz6c,career:39d95c6f047974fd,Josh Leslie,R,R,INF,72,190,2000-07-25,"Menomonee Falls, WI",Active,24,oaklandballers
2024,4n4684bowqi7vuqk,4n4684bowqi7vuqk,career:7b5025c812e03fa1,Elijah Pleasants,R,R,P,77,200,2000-05-04,"Tacoma, WA",Inactive,25,oaklandballers
2024,vtwi8ic44ckxguxp,vtwi8ic44ckxguxp,career:a7716792d88725f5,Abraham De Leon,R,R,P,70,180,2000-03-09,"Spring, TX",Injured,26,oaklandballers
2024,hrwkxfkqmzd1k074,hrwkxfkqmzd1k074,career:600cd0fd760161d0,Coleton Horner,R,R,C,72,180,1997-07-08,"Turlock, CA",Injured,27,oaklandballers
2024,krbdkrmm9zwy6mr4,krbdkrmm9zwy6mr4,career:8538a498f9d28ca6,Jake Dahle,R,R,P,77,250,1999-05-22,"Tremonton, UT",Active,28,oaklandballers
2024,saih6jumtmdauhie,saih6jumtmdauhie,career:fa89a7ab4244dcf9,Jacob Riordan,R,R,P,,,1999-10-31,"Atlanta, GA",Inactive,29,oaklandballers
2024,nrqyofournpgojpn,nrqyofournpgojpn,career:6f9259d6e5d22778,Daunte Stuart,R,R,INF,72,195,2001-06-06,"Houston, TX",Active,29,oaklandballers
2024,s5axf8w7zilwjv21,s5axf8w7zilwjv21,career:9942f4fed7101fa4,Tyler Lozano,R,R,C,72,185,2000-04-26,"Stockton, CA",Active,30,oaklandballers
2024,ekd60jlitlarlwep,ekd60jlitlarlwep,career:11b6cb4d3b55a7ac,Justin Kleinsorge,L,R,P,77,215,1999-11-20,"Flower Mound, TX",Active,31,oaklandballers
2024,r3gkyn2wdqpqlafa,r3gkyn2wdqpqlafa,career:16032962b95d7308,Christian Cosby,R,R,P,77,220,1996-12-21,"Placentia, CA",Active,32,oaklandballers
2024,yjjf51rghusw1u21,yjjf51rghusw1u21,career:06bfa5779e441d46,Braydon Nelson,R,R,P,77,220,1998-10-01,"Brecksville, OH",Active,33,oaklandballers
2024,lkv1yyn1wqtpnont,lkv1yyn1wqtpnont,career:7912c6bac1b991ad,Eric Waldichuk,R,R,P,,,2000-02-09,,Inactive,33,oaklandballers
2024,8957qg9z0hhaa8ek,8957qg9z0hhaa8ek,career:1eed28e0927ec30d,Conner Richardson,R,R,P,76,239,2000-04-19,"Grand Forks, ND",Active,35,oaklandballers
2024,9vzf38gopjiiut3y,9vzf38gopjiiut3y,career:aea70ccee05b1976,Luke Short,L,L,P,73,205,2002-09-02,"San Jose, CA",Active,39,oaklandballers
2024,k0roujhrfwn1yhzs,k0roujhrfwn1yhzs,career:e74c615b08b2ab4a,Brody Eglite,R,R,P,74,230,2001-06-17,"Martinez, CA",Active,40,oaklandballers
2024,8a9cq4etob4zfehd,8a9cq4etob4zfehd,career:174e8ef10e116d34,Tripp Clark,R,R,C,75,220,2001-03-23,"Waco, TX",Active,56,oaklandballers
2024,ox4xjwnk3gw8r7sh,ox4xjwnk3gw8r7sh,career:e945ce913d56450d,Cole Jordan,R,R,INF,70,190,,"Newport Beach, CA",Active,3,ogdenraptors
2024,l1ovyun74yax80h5,l1ovyun74yax80h5,career:75dff4d3939a9d72,Christian Coipel,L,L,1B,75,215,1998-01-14,"Miami, FL",Inactive,8,ogdenraptors
2024,chqmwn5urdqxkeya,chqmwn5urdqxkeya,career:c86df8c6be58252a,Raymond Gil,R,R,IF,,6' 0,1999-01-13,"Miami, FL",Injured,9,ogdenraptors
2024,atwy7bpg8z8qvx24,atwy7bpg8z8qvx24,career:0c010717028604c9,Dylan Matsuoka,R,R,P,71,185,2001-12-29,"Nashville, TN",Active,10,ogdenraptors
2024,s5j2qwcu7e54r4d3,s5j2qwcu7e54r4d3,career:8d3810cd31d31146,Nico Saltaformaggio,R,R,RHP,72,200,,"Destrehan, Lousisianna",Active,12,ogdenraptors
2024,8sokjze1lb7ovz7r,8sokjze1lb7ovz7r,career:4e28ed5935dde282,Rafael Vazquez,L,R,RHP,,,1997-12-12,,Active,13,ogdenraptors
2024,ljc0qkgdaw6ui01u,ljc0qkgdaw6ui01u,career:2f152d62aeea3db7,Cameron Edmonson,R,L,LHP,69,170,,"Rochester, IL",Active,14,ogdenraptors
2024,ejwaqsmqjogywzr1,ejwaqsmqjogywzr1,career:7a10c35b04108529,Brayden Bonner,R,R,RHP,76,207,1997-11-20,"Murray, UT",Active,15,ogdenraptors
2024,b1n6czvuhgej6n6t,b1n6czvuhgej6n6t,career:3162c0d57dfe14c0,Jack Cone,L,R,OF,72,180,2000-05-14,"Fairfax Station, VA",Active,16,ogdenraptors
2024,iokg5r2hhkb0jv4j,iokg5r2hhkb0jv4j,career:2d34e001d4d3fae6,Kenny Oyama,L,L,OF,64,150,1999-03-22,"Trabuco Canyon, CA",Active,18,ogdenraptors
2024,i5yzy8u1yl7vvxg8,i5yzy8u1yl7vvxg8,career:e8b8b7a4fc9b8c01,Pearce Howard,L,R,OF,75,210,1997-09-20,"Silver Spring, MD",Active,21,ogdenraptors
2024,ph34vy7akq1411m5,ph34vy7akq1411m5,career:5be828e2eadac19a,Connor Bagnieski,L,R,IF,71,190,1997-12-31,"Suamico, WI",Active,22,ogdenraptors
2024,fsl117s4549rn5kz,fsl117s4549rn5kz,career:562fdaa4e5256428,Mitchell Stone,R,R,RHP,75,205,,"El Paso, TX",Active,23,ogdenraptors
2024,vcdlrx23pbmec5qr,vcdlrx23pbmec5qr,career:07b771b9f159ae90,Quinn Waterhouse,L,L,LHP,76,215,2000-07-29,"Bondurant, IA",Active,26,ogdenraptors
2024,67lncoxde35w413x,67lncoxde35w413x,career:25b864a872d23cd8,True Fontenot,,,SS,,,2000-03-25,"Tallahassee, FL",Active,28,ogdenraptors
2024,xdhkwpclbg5n78n1,xdhkwpclbg5n78n1,career:00ea8c6cb80cf568,Elliott Good,R,R,IF,74,205,,"Meriden, CT",Active,29,ogdenraptors
2024,l7qgq0pogyjj8v0q,l7qgq0pogyjj8v0q,career:ee3ea025f5b91e64,Gabriel Pacheco,R,R,RHP,73,195,2002-07-16,"Spring, TX",Active,31,ogdenraptors
2024,kq8cywcmjg5faql2,kq8cywcmjg5faql2,career:f7156c2f8003e098,Chris Macca,L,R,RHP,75,185,1998-06-25,"Tampa, FL",Active,33,ogdenraptors
2024,o05hhky2z0v1iwda,o05hhky2z0v1iwda,career:52892690e440337c,Landen Barns,R,R,UTL,71,195,1996-09-09,,Active,35,ogdenraptors
2024,oewxebl8ucyi9t6u,oewxebl8ucyi9t6u,career:52b8dd8b53593353,Christopher Sargent,R,R,1B/UTL,71,185,2000-07-11,"Bay Minette, AL",Active,37,ogdenraptors
2024,2gpu9l0mh1tfuqt9,2gpu9l0mh1tfuqt9,career:3b6693482c96cf5a,Jon Rice,R,R,RHP,74,175,1998-07-28,"Puyallup, WA",Active,38,ogdenraptors
2024,ef8s947884m7rozj,ef8s947884m7rozj,career:50e3d0cbec24fde7,Drew Brutcher,L,R,,77,215,2002-02-12,"Lakeland, FL",Active,43,ogdenraptors
2024,x0ekk7r4xxh8ln3k,x0ekk7r4xxh8ln3k,career:22590797e1ceb22b,Christian Griffin,R,R,RHP,76,250,1997-10-20,"Atlanta, GA",Active,44,ogdenraptors
2024,z9o2tvtpb32gu9mr,z9o2tvtpb32gu9mr,career:6ef60df9893455a9,Shawn Triplett,R,R,RHP,,195,,"Providence, UT",Active,46,ogdenraptors
2024,9wbeyxibkq61skst,9wbeyxibkq61skst,career:6e4880878b914294,Shane Gustafson,R,R,RHP,77,215,1998-10-09,"Rocklin, CA",Active,47,ogdenraptors
2024,4usg8nmw69h710rg,4usg8nmw69h710rg,career:caef5e9d9a2abcb3,Matthew Hess,R,R,RHP,,6' 7,1997-06-20,,Active,48,ogdenraptors
2024,qpwjxh8r3lc7lfzp,qpwjxh8r3lc7lfzp,career:968f91c3e97a7858,Matthew Golda,R,R,IF,,,1998-12-22,,Inactive,62,ogdenraptors
2024,klxyqnn2q9zfh6l4,klxyqnn2q9zfh6l4,career:63f0a88a94df6a38,Guillermo Cuevas,L,L,LHP,72,200,1999-05-13,"Bajos de Haina, Dominican Republic",Inactive,64,ogdenraptors
2024,z7dx8h6q2y9hpkge,z7dx8h6q2y9hpkge,career:0481a0d4facdab36,Elijah Gill,L,L,P,72,195,1998-12-02,"Jacksonville, FL",Inactive,65,ogdenraptors
2024,71b16boyk8ksflrn,71b16boyk8ksflrn,career:fbcee2ee69015fdd,Adrian Santa Cruz,R,R,RHP,76,225,,"Phoenix, AZ",Inactive,66,ogdenraptors
2024,nxk8b0i2fgvo03yr,nxk8b0i2fgvo03yr,career:3c9350fc3d62f79d,Chase Stratton,R,R,,70,190,1998-08-13,,Inactive,67,ogdenraptors
2024,7jnp0rh93ljkrcqj,7jnp0rh93ljkrcqj,career:b2342ee3265810f4,Parker DePasquale,R,R,OF,71,188,1997-07-05,"Salt Lake City, UT",Inactive,68,ogdenraptors
2024,nlnwz0c472vc7vl7,nlnwz0c472vc7vl7,career:edbf6ace6bcc0528,Alex Friesen,R,R,RHP,74,205,1999-08-19,"Midland City, Alabama",Inactive,70,ogdenraptors
2024,sy3lzpg4cmxn4ug0,sy3lzpg4cmxn4ug0,career:12280b6b61d0a211,Slater Schield,R,R,P,71,185,,,Inactive,71,ogdenraptors
2024,anj4l0skss7zv86r,anj4l0skss7zv86r,career:2054c366e80f22a7,Bruce Yamamoto,R,R,RHP,73,180,2001-06-25,"Los Angeles, CA",Inactive,72,ogdenraptors
2024,v5bnz4xeyt9tj36n,v5bnz4xeyt9tj36n,career:275ec37b25f78d17,Mark Schommer,R,R,,70,190,2000-07-18,"New Ulm, Minnesota",Inactive,73,ogdenraptors
2024,eq89p3afqc3lxnjt,eq89p3afqc3lxnjt,career:313fe8c81e8b3ea2,Chuck Steele,R,R,OF,,190,1996-08-03,"Woodland Hills, CA",Inactive,74,ogdenraptors
2024,7b6n4nyx39i8ra8h,7b6n4nyx39i8ra8h,career:c78a117e22e0414d,Jackson Smith,R,R,RHP,,,2000-02-06,,Inactive,75,ogdenraptors
2024,1cv5jx96ws3ootpk,1cv5jx96ws3ootpk,career:91b8e757fbf96a98,Anthony Herron Jr,R,R,OF,74,235,1999-12-19,"Chicago, IL",Inactive,76,ogdenraptors
2024,b0yeuyvjm1vciiqr,b0yeuyvjm1vciiqr,career:5835181c8ba7bb35,Thomas Greely,S,R,C,71,200,1998-02-09,"Tracy, CA",Inactive,77,ogdenraptors
2024,hhb3tu5whfpxzufg,hhb3tu5whfpxzufg,career:24072cb1c7b44588,David Reckers,R,R,,,220,1999-11-22,,Inactive,78,ogdenraptors
2024,kivboom9mczdw7kt,kivboom9mczdw7kt,career:227cba6c07000287,Eli Elliott,R,R,RHP,,185,2001-02-08,"Glendale, AZ",Inactive,80,ogdenraptors
2024,q2ttswabbkq578eq,q2ttswabbkq578eq,career:760df94b2eb9afe6,Will Fuenning,R,R,,74,195,1999-11-05,"Scottsdale, AZ",Inactive,82,ogdenraptors
2024,o67zwg9qijee96lq,o67zwg9qijee96lq,career:11195ed47e933178,Ryan Steckline,L,L,LHP,,228,,"Neward, DE",Inactive,85,ogdenraptors
2024,b57ezwgsgcan985l,b57ezwgsgcan985l,career:3c6cf6928db1ba43,Jhofez Mejias,L,L,LHP,70,150,2003-07-28,,Inactive,86,ogdenraptors
2024,wjt3fkeynbtb4l66,wjt3fkeynbtb4l66,career:f5d3f1ca14512a19,LJ Diaz,R,L,LHP,78,240,1993-09-15,"Santo Domingo, Dominican Republic",Inactive,87,ogdenraptors
2024,d8kutj6ov7hqoby9,d8kutj6ov7hqoby9,career:c4ffc69a69b3a035,Nick Adgar,R,R,OF,73,230,1996-11-14,"Oakland, CA",Inactive,89,ogdenraptors
2024,1pthon1k9zqc9m9o,1pthon1k9zqc9m9o,career:420111a6c5eabb97,Joseph Impeduglia,L,L,OF,70,218,1998-01-22,"Brooklyn, NY",Inactive,93,ogdenraptors
2024,iz7u3s4wbh4ik6de,iz7u3s4wbh4ik6de,career:1359aa2561a3d311,Michael Castillo,L,R,LHP,,,1996-08-04,,Inactive,94,ogdenraptors
2024,02aufu97vsssf9h4,02aufu97vsssf9h4,career:29368e442f1afcf3,Ryan Cloude,R,R,,74,230,2000-03-13,"Fredericksburg, VA",Inactive,96,ogdenraptors
2024,dizcmqk3f9odli2s,dizcmqk3f9odli2s,career:e589f8346cbb7131,Tyler Clark-Chiapparelli,R,R,IF/UTL,73,175,1998-06-25,,Inactive,97,ogdenraptors
2024,rfoxfv22ie09xkal,rfoxfv22ie09xkal,career:836ca9c7e666f225,Carson Angeroth,R,R,RHP,75,220,2000-10-06,"Holiday, Utah",Inactive,98,ogdenraptors
2024,iy30zxtb4z1g77p7,iy30zxtb4z1g77p7,career:fcb1455eae8849e9,Austin Davis,R,R,OF,70,175,,"Orlando, Fl.",Active,1,rockymountainvibes
2024,76aizrc5udr9uub9,76aizrc5udr9uub9,career:f26435a9e6ed63d4,D'Aries Davis,R,R,OF,72,168,1998-12-02,"Birmingham, Alabama",Inactive,1,rockymountainvibes
2024,n6p5gnu612vcqup4,n6p5gnu612vcqup4,career:c05561fd48e28410,Eddie McCabe,R,R,3B,72,190,1999-12-01,"Norwalk, Connecticut",Protected,2,rockymountainvibes
2024,t2mv4v7ymy3pbazx,t2mv4v7ymy3pbazx,career:3978ff1c8d8ef749,Devyn Lopez,R,R,,71,180,2000-05-10,"San Bernardino, Ca.",Inactive,3,rockymountainvibes
2024,5ly56nzdy95vsshh,5ly56nzdy95vsshh,career:8e63fd4f00a6c376,Christian Day,R,R,RHP,74,200,,"Natchez, Mississippi",Active,4,rockymountainvibes
2024,shhbhnpcy8npeuir,shhbhnpcy8npeuir,career:d25c36140399e53a,Josh Day,R,R,SS,74,200,2000-03-25,"Natchez, Mississippi",Active,5,rockymountainvibes
2024,7m761rlu9tjhichv,7m761rlu9tjhichv,career:7bcf436656737201,Austin Chouinard,R,R,C,73,215,,"Chandler, Az.",Active,7,rockymountainvibes
2024,30tedsov09lhqmne,30tedsov09lhqmne,career:cb4f581c1632039f,Steven Rivas,L,L,RF,73,205,,"Rancho Cucamonga, California",Active,8,rockymountainvibes
2024,abgscbvo2kt9cjlg,abgscbvo2kt9cjlg,career:4164ab542fd2421e,Danny Fox,R,R,P,,,2000-05-18,"Beaver Falls, PA",Inactive,10,rockymountainvibes
2024,9ymlta8hz3oy5jfx,9ymlta8hz3oy5jfx,career:347563de5186de25,Derrick Cherry,R,R,RHP,74,195,,"Baytown, Tx.",Active,12,rockymountainvibes
2024,9kytbgh708dot07o,9kytbgh708dot07o,career:1f9d529dba25a0a1,John Solfest,R,R,RHP,73,200,2000-12-26,"Shoreview, Mn.",Inactive,12,rockymountainvibes
2024,2ss8mtgxce053vfs,2ss8mtgxce053vfs,career:11976f2b0ffba4c2,Nick McClanahan,R,R,RHP,74,164,2000-02-19,"Union, Ky.",Inactive,13,rockymountainvibes
2024,rqnj3w3di275voal,rqnj3w3di275voal,career:b56e40f5a92ee821,Kelsey Ward,L,L,LHP,74,215,,"Vero Beach, FL",Active,14,rockymountainvibes
2024,cy881qvm4h7s285g,cy881qvm4h7s285g,career:5f8e6d84a78681ec,Ernie Yake,L,R,SS,70,175,,"Bellingham, Washington",Active,15,rockymountainvibes
2024,w9cdm6dwm16wz1n3,w9cdm6dwm16wz1n3,career:376cc9c01ce7d903,Jaxon O'Neal,L,L,P,74,195,2001-02-01,"Newnan, GA",Active,17,rockymountainvibes
2024,vy93sexo9sexotb8,vy93sexo9sexotb8,career:9670f5127c24dd65,Mason Minzey,S,R,,74,195,1999-10-04,"Grand Blanc, Mi.",Active,18,rockymountainvibes
2024,xdgeejqknrzq1euf,xdgeejqknrzq1euf,career:4a4d06cc60b8b1e7,Alex Adams,R,R,INF,72,215,,"Wildwood, Mo.",Active,19,rockymountainvibes
2024,gi9twadcf5allnl2,gi9twadcf5allnl2,career:956e641a74fce131,Zach Ottinger,L,R,RHP,72,190,1999-07-19,"Marietta, Georgia",Inactive,19,rockymountainvibes
2024,y357ze1jojazrfw4,y357ze1jojazrfw4,career:d1cdef4b58a2430a,Nick Powers,L,L,LHP,73,200,2001-05-12,"Flushing, Michigan",Active,20,rockymountainvibes
2024,bntktwjx4mi08z07,bntktwjx4mi08z07,career:3dab299768fadad3,Myles Martinez,L,L,,76,234,2003-10-02,"Columbus, OH",Inactive,21,rockymountainvibes
2024,oe55rwi8w4ejzqoc,oe55rwi8w4ejzqoc,career:95d3fbf691e3bc77,Casey Minchey,L,L,LHP,76,220,1999-12-07,"Bethany, Oklahoma",Inactive,21,rockymountainvibes
2024,hbhc09hpwq9aygz6,hbhc09hpwq9aygz6,career:2ddc82fcc6098570,Carter Mize,L,L,,74,205,1998-05-24,"Dardenne Plaines, Mo.",Inactive,21,rockymountainvibes
2024,64jupfnflxkm8fzp,64jupfnflxkm8fzp,career:65019fe518838f68,Wyatt Tucker,,,RHP,,,2002-03-09,"Nacogdoches, TX",Active,22,rockymountainvibes
2024,gfbrir339s062ucq,gfbrir339s062ucq,career:b2fc60c0fd806105,Carlos Lomeli,R,R,RHP,74,195,,"Bellflower, California",Active,24,rockymountainvibes
2024,rgoeh849h5wdcts2,rgoeh849h5wdcts2,career:b58a343741acc717,Andrew Baker,L,L,LHP,71,175,,"Winter Haven, Fl.",Active,25,rockymountainvibes
2024,thxraw3u7kf1one2,thxraw3u7kf1one2,career:9de25a4e6cb32dc3,Tyler Davis,R,R,C,74,190,2002-08-23,"Fresno, Ca.",Inactive,25,rockymountainvibes
2024,v9m37i45qurrw1b0,v9m37i45qurrw1b0,career:08b726ef1103dee7,Diego Jordan,R,R,RHP,76,200,,"Chandler, AZ.",Inactive,25,rockymountainvibes
2024,vtk0te4h2dh41j7c,vtk0te4h2dh41j7c,career:623bb28b023d8b3a,Kurtis Byrne,R,R,UTL,72,225,2000-10-23,St. Louis,Active,26,rockymountainvibes
2024,kyn67o1oaicyk10y,kyn67o1oaicyk10y,career:d8d6a9d037fb23df,Erik Johnson,L,L,LHP,78,210,2000-09-26,"Rush, N.Y.",Inactive,26,rockymountainvibes
2024,z94ygtmtudbi3jmw,z94ygtmtudbi3jmw,career:5c6e34c624098bdc,Pu'Ukani De Sa,L,R,,72,185,,"Hilo, Hi",Inactive,27,rockymountainvibes
2024,6kas2qg0iql0d4gi,6kas2qg0iql0d4gi,career:7de96fe68593dd3b,Trevor Halsema,R,R,OF,73,218,,"San Diego, Ca.",Active,27,rockymountainvibes
2024,o4l4r0v7yqt4n4i8,o4l4r0v7yqt4n4i8,career:2bb0b157f9df2710,Dane Tofteland,R,R,1B,76,230,,"Grande Prairie, Alberta",Active,28,rockymountainvibes
2024,p6cs9b5uchau2knt,p6cs9b5uchau2knt,career:a5035bcf4e31ce68,Caden Kratz,R,R,RHP,,,1999-09-13,"Mason City, IA.",Active,29,rockymountainvibes
2024,pg7fljjqqli4bu6g,pg7fljjqqli4bu6g,career:d3250a3b9d200e22,P.J. Labriola,L,L,LHP,79,223,2000-11-13,"Bradenton, FL.",Inactive,30,rockymountainvibes
2024,lnno72sc8nb8f1v7,lnno72sc8nb8f1v7,career:9a8adb215777f768,Glenn Miller,R,R,,72,185,,,Active,30,rockymountainvibes
2024,fmj75skoznnr1yq5,fmj75skoznnr1yq5,career:1d6c61807d1da6ae,Bryan Krolikowski,R,R,RHP,75,165,,"Massapequa, NY",Active,31,rockymountainvibes
2024,x10w9d90vygtrcha,x10w9d90vygtrcha,career:953be67fe1f324f0,Bryson Spagnuolo,L,L,RHP,71,205,,"Fallbrook, California",Inactive,31,rockymountainvibes
2024,de34psekqj2zs850,de34psekqj2zs850,career:0c6efd4d2b9c4ab6,Daniel Nunan,L,L,LHP,78,215,2000-05-25,"Ocean City, NJ",Active,32,rockymountainvibes
2024,x9kaembdhw73sr4i,x9kaembdhw73sr4i,career:b5d3c0fd56e3f586,Trey Morrill,R,R,RHP,79,225,,"Loma, Colorado",Active,35,rockymountainvibes
2024,la77upoeaq5m502s,la77upoeaq5m502s,career:a4b7b3f35a70ab64,Logan Williams,R,R,C,73,225,1998-10-18,"Honolulu, Hi.",Active,55,rockymountainvibes
2024,cnk9y4z8fokx3bw9,cnk9y4z8fokx3bw9,career:a243cef2ec620436,Billy Hancock,R,R,C,73,190,1999-11-17,"Wahoo, NE",Inactive,77,rockymountainvibes
2024,y9e3vmwzxb1utmfc,y9e3vmwzxb1utmfc,career:9859cbd1164411db,Connor Kelly,R,R,RHP,74,205,1999-12-17,"Cumberland, Maryland",Inactive,78,rockymountainvibes
2024,mo3onzftkylszgt8,mo3onzftkylszgt8,career:20c5e4d3fdad6f63,Brayde Hirai,L,L,LHP,71,180,1999-03-03,"Pasco, Washington",Inactive,79,rockymountainvibes
2024,9kv5rgx0x0uvoq9f,9kv5rgx0x0uvoq9f,career:a0274a1f58170566,Garrett Hill,R,R,RHP,73,200,1999-09-24,"Zionsville, IN.",Inactive,80,rockymountainvibes
2024,fdz2ldtkxkpuyyq0,fdz2ldtkxkpuyyq0,career:e41f3c05fc40d753,Anthony Herron Jr,R,R,OF,74,235,,"Chicago, IL",Inactive,81,rockymountainvibes
2024,tnk0gon7ime53rpo,tnk0gon7ime53rpo,career:1255454373b56f52,Max Pettey,R,R,LHP,75,215,2002-06-11,Rocklin Ca.,Inactive,82,rockymountainvibes
2024,7yfm68ygiyowo9es,7yfm68ygiyowo9es,career:58e9cba5a7a28ab0,Slater Schield,R,R,INF,73,175,2001-12-29,"Franklin, TN.",Inactive,84,rockymountainvibes
2024,7c75gf8utilmhy4i,7c75gf8utilmhy4i,career:98cbfac96db6b1b9,Chris Schoeller,R,R,INF,69,185,1999-09-22,"Davie, Fl.",Inactive,85,rockymountainvibes
2024,yq45otl1yohtcszx,yq45otl1yohtcszx,career:d6d407c3356d6407,Dustin Sprong,R,R,RHP,75,170,2001-05-12,,Inactive,86,rockymountainvibes
2024,pq9u7tdbb1co5619,pq9u7tdbb1co5619,career:c2f95dfe83d0a650,Luke Thompson,R,R,C,69,,,"Queen Creek, Arizona",Inactive,88,rockymountainvibes
2024,iipd9xadu7bxt6om,iipd9xadu7bxt6om,career:cde2c3e8fd2844bc,Sam Thompson,R,R,C,74,200,2000-04-10,"Breman, Georgia",Inactive,89,rockymountainvibes
2024,306z0u78m6815bo2,306z0u78m6815bo2,career:abc472aef7715074,Carlos Lopez,L,L,LHP,72,165,2002-08-31,Valencia,Inactive,94,rockymountainvibes
2024,9emvb4iyjz6ar4rs,9emvb4iyjz6ar4rs,career:bb80f915eb832d99,Kohl Petersen,R,R,RHP,77,210,2001-04-12,"Seattle, Washington",Inactive,94,rockymountainvibes
2024,f32n39cgrq1erwfc,f32n39cgrq1erwfc,career:4b6e55d7c22cdb56,Steyr Brinkley,L,L,LHP,73,205,,"Reno, NV",Inactive,95,rockymountainvibes
2024,v6sxe7pnta3rw7m9,v6sxe7pnta3rw7m9,career:19517a42e357f41b,Mason Sykes,R,R,LF,76,220,2000-06-10,"Elk Grove, Il",Inactive,96,rockymountainvibes
2024,0kx2dx1eqwyzuoxd,0kx2dx1eqwyzuoxd,career:acbf48419bdcd03e,Andrew Vail,L,L,LHP,73,185,2000-08-12,"Washington Township, New Jersey",Inactive,97,rockymountainvibes
2024,lii7g29ouw88vcdy,lii7g29ouw88vcdy,career:ed1ea151ab00e888,Richel Del Rosario,R,R,IF,72,191,,"Santo Domingo,",Inactive,98,rockymountainvibes
2024,94yikbx332v91g2h,94yikbx332v91g2h,career:860bb954db667180,Andrew Washington,L,L,LHP,,,2001-02-10,,Inactive,99,rockymountainvibes
2024,97lso72acauz8s60,97lso72acauz8s60,career:126f4681e371c207,Reed Garland,R,R,RHP,74,185,2001-09-12,"Rock Hill, SC",Active,1,yolohighwheelers
2024,l9qirmp8jaiyoy3y,l9qirmp8jaiyoy3y,career:59be80ac86a9275e,Kirkland Banks,R,R,IF,70,177,1999-06-09,"Lake Charles, LA",Active,2,yolohighwheelers
2024,citq438tac72jzkh,citq438tac72jzkh,career:346055416c4371a3,Braylin Marine,R,R,SS,74,205,2000-09-19,"Freeport, NY",Active,4,yolohighwheelers
2024,irjfs84vgwopll4m,irjfs84vgwopll4m,career:d6676bf72017fa72,Brayland Skinner,L,L,OF,71,185,1999-07-24,"Lake Cormarant, MS",Active,5,yolohighwheelers
2024,aclhjgb9hwrp8zz2,aclhjgb9hwrp8zz2,career:306b84120a9319eb,Brandon McPherson,R,R,RHP,75,225,2000-03-23,"Aurora, IL",Active,6,yolohighwheelers
2024,qr7n0l6f209t85wn,qr7n0l6f209t85wn,career:1d8bf9bece9b2832,Braedon Blackford,L,R,IF,72,200,1998-10-07,"Peoria, IL",Active,7,yolohighwheelers
2024,jbqde3n7stphdtds,jbqde3n7stphdtds,career:d7759fe439f2082d,Travis Holt,R,R,IF,72,185,1999-05-05,"Plantation, FL",Active,9,yolohighwheelers
2024,685tjan8r02ytmpz,685tjan8r02ytmpz,career:bb8f24bfebe75a1f,David Glancy,R,R,OF,71,200,2000-12-14,"Red Bank, NJ",Active,10,yolohighwheelers
2024,vntqpbm45fxcv6x3,vntqpbm45fxcv6x3,career:e2c5770eb9fa6969,Bobby Lada,R,R,IF,72,170,2000-09-11,"Richmond, TX",Active,11,yolohighwheelers
2024,rgrqoozkcljlkgum,rgrqoozkcljlkgum,career:f8bea2175456be28,Edwin DeLaCruz,R,R,C,74,210,2002-12-08,"Queens, NY",Active,14,yolohighwheelers
2024,9kvx7ocfzfybt5x6,9kvx7ocfzfybt5x6,career:02c4e4c7a6caafb6,Ben Ferrer,R,R,RHP,71,195,1999-11-20,"Alpharetta, Ga",Active,15,yolohighwheelers
2024,f35sxesrcqviaxak,f35sxesrcqviaxak,career:2f6ae82e4325eeb4,Jack Zalasky,R,R,RHP,73,200,2000-09-16,"Sacramento, CA",Active,17,yolohighwheelers
2024,q02kfcufg01srt6g,q02kfcufg01srt6g,career:b87139a794c9fbe5,Ed Niemann,R,R,C/IF,74,225,2000-01-18,"Scottsdale, AZ",Inactive,19,yolohighwheelers
2024,c6erpe53l5kznizw,c6erpe53l5kznizw,career:921b881b0ceb496a,Cameron Repetti,R,R,RHP,76,215,2000-12-19,"Irvine, CA",Active,20,yolohighwheelers
2024,0bl4185n21zfeeyp,0bl4185n21zfeeyp,career:0ef95792e4991799,Ethan Bates,L,R,RHP,72,185,2001-11-10,"Hot Springs, AR",Active,21,yolohighwheelers
2024,jtfkkz0l2e76hnxe,jtfkkz0l2e76hnxe,career:f124355b877b5484,Noah Lewis,R,R,RHP,74,190,2001-02-13,"Pleasanton, CA",Inactive,22,yolohighwheelers
2024,31v4cofyvkqsmiua,31v4cofyvkqsmiua,career:d0754b82f8c4b168,Jose Gonzalez,L,L,LF,72,220,2000-08-15,"Spring, TX",Active,23,yolohighwheelers
2024,1v09gdt4aukbvrq0,1v09gdt4aukbvrq0,career:26953b7725e12b1e,Andrew LaCour,L,L,LHP,74,190,2001-12-06,Walnut Creek,Active,24,yolohighwheelers
2024,aevnvvgw1biu2wfj,aevnvvgw1biu2wfj,career:0786dd1c15c056bf,Ty Buckner,R,R,RHP,74,195,1998-10-06,"Rolla, MO",Active,25,yolohighwheelers
2024,wdwdo8axft0d8jnm,wdwdo8axft0d8jnm,career:be843312d0dc40bc,Jonah Jenkins,R,R,RHP,73,205,1999-01-20,"Parker, COlorado",Active,27,yolohighwheelers
2024,duqcslzmv8abe9o9,duqcslzmv8abe9o9,career:c25dacddfae166e6,Jimmy Lewis,R,R,RHP,78,200,2000-11-02,"Austin, TX",Inactive,28,yolohighwheelers
2024,mr4obz2m7om5lnqo,mr4obz2m7om5lnqo,career:334e69cf9f3202ef,Turner Thompson,R,R,RHP,73,212,2002-03-20,"Tampa, FL",Inactive,30,yolohighwheelers
2024,tj7i1g4g1oxwyhxi,tj7i1g4g1oxwyhxi,career:5ded0763afdd63fd,Tanner Smith,L,R,OF,71,195,1999-10-03,"Newport Beach, CA",Active,31,yolohighwheelers
2024,w972be4agm755u5u,w972be4agm755u5u,career:fd0c9637a5f4590b,Kris Anglin,L,L,LHP,71,175,2001-08-09,"Bakersfield, CA",Active,32,yolohighwheelers
2024,twxqcgn4hz6c2j7x,twxqcgn4hz6c2j7x,career:94854aa408937591,Brandon Mitchell,L,L,LHP,74,215,1999-09-01,"Houston, TX",Active,33,yolohighwheelers
2024,ckgd1rkttqbe9lej,ckgd1rkttqbe9lej,career:657a7408e0f7edc0,Connor Langrell,R,R,RHP,76,230,2000-04-25,"Riverview, FL",Active,34,yolohighwheelers
2024,p6spzyk0kapyej3t,p6spzyk0kapyej3t,career:0d4b0b5a07df5c2a,Angel Mendoza,R,R,C,69,190,2000-05-26,"Bellflower, CA",Active,35,yolohighwheelers
2024,uzt2ow2fdbzmwixl,uzt2ow2fdbzmwixl,career:faf6f2d2f1d32224,Dawson Lane,L,L,LHP,77,210,1999-06-16,"Lakeland, FL",Inactive,36,yolohighwheelers
2024,aoy7bglh67ukxqr6,aoy7bglh67ukxqr6,career:af2f104630c689ea,Brendan Knoll,R,R,,72,215,1998-10-26,"Kasson, MN",Active,38,yolohighwheelers
2024,zibfbv60c76ytzg9,zibfbv60c76ytzg9,career:12fa30da5a5f9834,Alejandro Figueredo,R,R,IF,74,260,1999-05-27,"Sucre, Venezuela",Active,44,yolohighwheelers
2024,f7vazpohnqx5upgb,f7vazpohnqx5upgb,career:22d1fbbcafd94233,Jacob Stobart,R,R,LHP,70,185,1998-04-16,"Phoenix, AZ",Inactive,47,yolohighwheelers
2024,j5b42ls5slizz68f,j5b42ls5slizz68f,career:09635db8de1e8b11,Shaun Gamelin,R,R,,69,210,1999-07-01,"West Kingston, RI",Inactive,88,yolohighwheelers
2024,lfqxx87y4w1zbd5g,lfqxx87y4w1zbd5g,career:98b366bb3521703b,Cal McAninch,R,R,,74,200,1999-07-24,"Columbus, OH",Inactive,89,yolohighwheelers
2024,mfx8gn8is375e9k8,mfx8gn8is375e9k8,career:c9a2559bacf1b4ee,Josh Leslie,R,R,,72,190,2000-07-25,"Menomonee Falls, WI",Active,90,yolohighwheelers
2024,ib6ubs2v3mvofln4,ib6ubs2v3mvofln4,career:8e894f8c33a5ddb7,Alex Epp,L,R,IF,74,205,2000-09-03,"Wichita, KS",Inactive,91,yolohighwheelers
2024,jg2k19zr4wc7m0be,jg2k19zr4wc7m0be,career:c0492258de504f01,Sam Kuchinski,R,R,,70,230,1999-07-02,"Powder Springs, GA",Inactive,92,yolohighwheelers
2024,t0h2m7j5pyzeykuu,t0h2m7j5pyzeykuu,career:92708f785d221ea1,Justin Kirby,R,R,OF,71,205,2000-07-28,"Alpharetta, GA",Inactive,94,yolohighwheelers
2024,yvg7ddkww870kp1o,yvg7ddkww870kp1o,career:64a8a2ccc87ce449,Mason Minzey,S,R,C,74,195,1999-10-04,"Grand Blanc, MI",Inactive,95,yolohighwheelers
2024,z6flspliwhj5g7sa,z6flspliwhj5g7sa,career:dc96cba3bf78c6bb,Noah Estrella,R,R,,71,180,2000-03-08,"Tucson, AZ",Inactive,98,yolohighwheelers
2025,z7ztrgtqignsuqk1,z7ztrgtqignsuqk1,career:25dd83c1c9cea4fe,Kyle Micklus,L,R,C,69,190,,"Waller, TX",Active,5,billingsmustangs
2025,lxaj65u2ronrnkwe,lxaj65u2ronrnkwe,career:1a659b07e32eeb1a,John McHenry,S,R,INF,69,200,,"Ridgecrest , CA",Active,6,billingsmustangs
2025,qotgjv4pigiosj7u,qotgjv4pigiosj7u,career:b50da3bbfe6ed90c,Jack O'Dowd,L,R,INF/C,74,210,,"Nashville, TN",Active,9,billingsmustangs
2025,i3dbzyaqan5sgsl2,i3dbzyaqan5sgsl2,career:537214c1be276804,Dylan Morrill,R,R,RHP,70,165,,"Teaneck, NJ",Active,14,billingsmustangs
2025,icg1xpto4xfuntse,icg1xpto4xfuntse,career:76900112aabb8f51,E.J. Johnson,R,R,RHP,76,185,2000-12-26,"Oroville, CA",Active,15,billingsmustangs
2025,4ru19msh0kibaq01,4ru19msh0kibaq01,career:f503f3b5d0c52fbb,Daniel Foster,L,L,LHP,77,205,,"Rockledge, FL",Active,16,billingsmustangs
2025,l3p0b682410zd2hi,l3p0b682410zd2hi,career:a3477f9968bf1687,Chase Hanson,L,R,OF,76,190,,"Huntington Beach, CA",Active,17,billingsmustangs
2025,caimjhiwcw14comg,caimjhiwcw14comg,career:7dea2d182984f815,Sam Schmitt,L,L,LHP,73,190,,"Traverse City, MI",Active,18,billingsmustangs
2025,4zedcjcufjktorpo,4zedcjcufjktorpo,career:bfb111484361ae2f,Cole Calnon,R,R,RHP,70,180,,"Sonomish, WA",Active,19,billingsmustangs
2025,55tifsir6809w3ea,55tifsir6809w3ea,career:57c690db055f3719,A.J. Shaver,R,R,OF,73,215,,"Clermont, Florida",Active,22,billingsmustangs
2025,7izb6w2jllnrplie,7izb6w2jllnrplie,career:800dac7d1e7e7914,Cameron Bowen,R,R,INF,69,185,,"Willamsburg, Kentucky",Active,23,billingsmustangs
2025,bisygrc5kzdjr5em,bisygrc5kzdjr5em,career:17c1a91a7558f0be,Jacob Kline,R,R,INF,75,195,,"Akron, OH",Active,24,billingsmustangs
2025,7hb6jxslk4rwx0mi,7hb6jxslk4rwx0mi,career:111f1a863139d3be,Hudson Boncal,R,R,RHP,75,205,,"Corona, CA",Active,28,billingsmustangs
2025,wj4bqdxoeni8hr3p,wj4bqdxoeni8hr3p,career:5f86101462428e51,Jack Maruskin,R,R,RHP,73,200,,"Fredrick, MD",Active,30,billingsmustangs
2025,5z6epwxxosy45sxt,5z6epwxxosy45sxt,career:9a0c24d5d8615e1e,Xavier Casserilla,R,R,IF,72,205,,"Alvord, TX",Active,34,billingsmustangs
2025,k8brv7t2svhcf9li,k8brv7t2svhcf9li,career:fa6f36f5aa2f976d,Ritter Steinmann,R,R,RHP,75,190,,"Salina, KS",Active,35,billingsmustangs
2025,48vvb532yjdcnvi6,48vvb532yjdcnvi6,career:489ace238159f8b4,Justin Fuson,R,R,RHP,72,195,2000-06-07,"Fresno, CA",Active,36,billingsmustangs
2025,awhm18x501qzbv11,awhm18x501qzbv11,career:1d72420dc25d9b2e,Briley Knight,L,R,UTL,70,190,,"Corvallis, OR",Active,37,billingsmustangs
2025,qn1mrngqbuq9uwpi,qn1mrngqbuq9uwpi,career:754ba2a260cf4982,Tyler Shelnut,R,R,UTL,73,195,,"Lake City, FL",Active,39,billingsmustangs
2025,1p00w2kmdsphhncy,1p00w2kmdsphhncy,career:24b69fc4f705b09a,C.J. Colyer,R,R,UTL,74,225,,"Gilroy, CA",Active,45,billingsmustangs
2025,bzgt5e2myj16pqlq,bzgt5e2myj16pqlq,career:b2045b451f4a217c,Efrain Manzo,R,R,INF,74,195,,"Chandler , AZ",Active,47,billingsmustangs
2025,4g5wdbii4ovi9bib,4g5wdbii4ovi9bib,career:9c19004252bb7c45,Patrick Mills,L,L,OF,76,205,,"Kokomo, IN",Active,49,billingsmustangs
2025,6z3bjyuh9lcu2s3d,6z3bjyuh9lcu2s3d,career:52cdd56ab84cb916,Casey Sorg,S,R,OF,76,225,,"Floyds Knobs, IN",Active,51,billingsmustangs
2025,t4bt41lqoyr2qs4r,t4bt41lqoyr2qs4r,career:0a9366418e136d78,Ismael Michel Sanchez,R,R,RHP,75,175,,"Santo Domingo, DR",Injured,52,billingsmustangs
2025,tc4nbc2sm9f4o972,tc4nbc2sm9f4o972,career:b054f42c5a7e8fce,Julian Garcia,R,R,RHP,76,205,,"Houston, TX",Active,53,billingsmustangs
2025,9khom6c9mz1yjor5,9khom6c9mz1yjor5,career:5b1da0d08cbfcfb5,Garrett Ouellette,L,R,RHP,73,225,,"Corona , CA",Active,54,billingsmustangs
2025,psn982e9d3ww65cd,psn982e9d3ww65cd,career:9615a49a15593d95,Ryan Sleeper,L,L,LHP,76,220,2001-08-30,"Lakeville, MN",Inactive,55,billingsmustangs
2025,yng72rmgjssm1v4p,yng72rmgjssm1v4p,career:734986e42587ae6a,Charlie Muniz,R,R,C,74,230,,"Naranjito, Puerto Rico",Active,59,billingsmustangs
2025,5wcxnc15m57z6p6w,5wcxnc15m57z6p6w,career:d6f66fd4f5280e69,Zane Denton,S,R,INF,72,215,2001-02-20,"Brentwood, TN",Inactive,61,billingsmustangs
2025,knk5ktuvlgaet44i,knk5ktuvlgaet44i,career:6e5f396d0704a3b5,Jaden Harris,R,R,RHP,74,210,,"Millville, UT",Active,64,billingsmustangs
2025,m3veg7fjdvn4u3x5,m3veg7fjdvn4u3x5,career:26367f2bceada476,Bodee Wright,R,R,INF,69,170,2003-08-18,"Morgan, UT",Inactive,64,billingsmustangs
2025,1sip96ol9kszr46u,1sip96ol9kszr46u,career:e7004527e34ed3c0,Hollis Fanning,R,R,RHP,80,225,2002-02-07,"Graham , NC",Inactive,65,billingsmustangs
2025,qoq6toxptqmnasav,qoq6toxptqmnasav,career:e0aa0d9e3965bc54,Devyn Lopez,R,R,RHP,68,185,2000-05-10,"San Bernardino, CA",Inactive,66,billingsmustangs
2025,j4jk4bpf4u6uygnz,j4jk4bpf4u6uygnz,career:603934653f55b59b,Greg Blackman,R,R,RHP,70,195,1999-12-11,"La Grange, OR",Inactive,72,billingsmustangs
2025,u29il71zgkmgm69i,u29il71zgkmgm69i,career:28e4093c17f82233,Ben Smith,L,L,LHP,71,175,2001-08-08,"Buzzards Bay, MA",Inactive,73,billingsmustangs
2025,n9872nmjxa5yrvdo,n9872nmjxa5yrvdo,career:05972b8846de6034,Cole Chimenti,R,R,RHP,72,195,2000-07-02,"San Clemente, CA",Injured,74,billingsmustangs
2025,e4b12nowzj946bcf,e4b12nowzj946bcf,career:0d790e5b44b54b24,Dylan Leach,S,R,C,71,215,2002-09-13,"Carthage, TX",Inactive,74,billingsmustangs
2025,yi1mm8kceor4dmyz,yi1mm8kceor4dmyz,career:67c8a5ee7f81bbec,Thomas Wilhite,R,R,RHP,76,215,2001-01-25,"West Monroe, LA",Inactive,77,billingsmustangs
2025,092aso9mvoy5t12a,092aso9mvoy5t12a,career:af8a8cfa5837937d,Chris Hardin,R,R,RHP,74,200,2000-04-07,"Highland, CA",Inactive,78,billingsmustangs
2025,k8rgvi91gr5enp4r,k8rgvi91gr5enp4r,career:070be836841e3881,Ethan Ross,L,L,LHP,74,190,2000-11-16,"Imperial, CA",Inactive,79,billingsmustangs
2025,96vl861y2flwiw10,96vl861y2flwiw10,career:d2a3bacd1a6a9597,Ronnie Allen Jr.,S,R,C,75,230,1998-10-06,"Cincinnati, OH",Inactive,83,billingsmustangs
2025,hfpqqdhh9jy0b741,hfpqqdhh9jy0b741,career:a888a316f0ad1324,Justin Williams,R,R,OF,74,195,2001-04-02,"Madison, MS",Inactive,87,billingsmustangs
2025,t5fuu27y54wywnhl,t5fuu27y54wywnhl,career:75ba0206644208bb,Davis Benton,R,R,RHP,73,190,2000-07-16,"Fort Worth, TX",Inactive,88,billingsmustangs
2025,v4eauv1ujdwuslip,v4eauv1ujdwuslip,career:246c358427c590ec,Evan Blum,L,R,C,72,200,1999-07-14,"Bethesda, MD",Inactive,89,billingsmustangs
2025,5g1y9pfoi82r25tc,5g1y9pfoi82r25tc,career:4b1bc1f574749932,Arturo Alvarez,R,R,RHP,76,220,1999-12-30,"Inglewood, CA",Inactive,90,billingsmustangs
2025,b2n74761pj49wm15,b2n74761pj49wm15,career:7f04ba24a092e6dc,Dieterich Guertzgen,R,R,RHP,74,185,2001-07-20,"Desoto, MO",Inactive,91,billingsmustangs
2025,ai8fdc09z79e2iss,ai8fdc09z79e2iss,career:cb20c6c738aba2a0,Chip Korbacher,R,R,RHP,75,205,2000-06-27,"Oceanside, CA",Inactive,92,billingsmustangs
2025,l06gv8ilgvp09uum,l06gv8ilgvp09uum,career:1f23df8377da6473,Gage Mason,R,R,RHP,72,200,2001-08-26,"San Marcos, TX",Inactive,93,billingsmustangs
2025,1n3yk8vifcvjkead,1n3yk8vifcvjkead,career:6a596c13208b0a23,Sean Lynch,R,R,C,71,190,2002-05-23,"Hudson, FL",Inactive,94,billingsmustangs
2025,ogzb5dotp2ki83cj,ogzb5dotp2ki83cj,career:4c408e286e18ee3a,Dalton Mall,R,R,RHP,75,225,1999-08-27,"Overland Park, KS",Inactive,95,billingsmustangs
2025,qwsf5lgb2eg50igo,qwsf5lgb2eg50igo,career:6cd268be7eba5d50,Brendan Medoro,R,R,RHP,73,190,1999-10-10,"Lake Worth, FL",Inactive,96,billingsmustangs
2025,vlopyim7xs2urvqq,vlopyim7xs2urvqq,career:041c8f1c7c09a3d0,Colby Seltzer,R,R,INF,70,180,1999-11-25,"Haslet, TX",Inactive,97,billingsmustangs
2025,msvdlk8zpu7jgvxu,msvdlk8zpu7jgvxu,career:3730b0e11c910846,Justin Stewart,R,R,RHP,75,225,2000-01-26,"Bartow, FL",Inactive,98,billingsmustangs
2025,2aabsj31t2ffrggj,2aabsj31t2ffrggj,career:17fddd153b8b2480,Ronin Tachibana,R,R,RHP,71,190,2002-06-01,"Phoenix, AZ",Inactive,99,billingsmustangs
2025,6gjy2sl2m0hqvr6v,6gjy2sl2m0hqvr6v,career:8f2af05e3fc6f912,Cameron Dayton,L,L,P,75,220,2000-12-05,"Round Rock, --",Active,1,boisehawks
2025,fod8e92tsaqcyz8u,fod8e92tsaqcyz8u,career:02210932928b4cb2,Oscar Fernandez,R,R,Pitcher,,185,2004-05-27,"Brandon , FL",Active,2,boisehawks
2025,g90mk4clcqv0igif,g90mk4clcqv0igif,career:fd1d5a1dc0e764e0,Ethan Underwood,L,R,UTL,,200,,"Acworth, GA",Active,3,boisehawks
2025,0eizxt7jyojivt05,0eizxt7jyojivt05,career:a09d2d04c6482bda,Paul Myro IV,R,R,IF,,180,,"Las Vegas , NV",Active,4,boisehawks
2025,91hpm9jadqjr3p18,91hpm9jadqjr3p18,career:9fe8c9f64b868eb0,Cole Tremain,R,R,Pitcher,,200,2001-09-05,"Folsom, CA",Active,5,boisehawks
2025,0q2ueofnwczg7zky,0q2ueofnwczg7zky,career:e34daa7035648dfa,Braxton Turner,R,R,Catcher,,200,2000-01-22,"Greenfield , Indiana",Active,6,boisehawks
2025,zbfzoaqwmf3w43ow,zbfzoaqwmf3w43ow,career:b64bb14b928c367f,Noah Marcelo,R,R,OF,69,190,2000-09-06,"San Mateo, CA",Inactive,7,boisehawks
2025,rh7y8mjx5x58ptri,rh7y8mjx5x58ptri,career:60654257f864ce5f,Jake Hjelle,R,R,OF,,230,2001-01-09,"East Grand Forks, MN",Active,8,boisehawks
2025,t63kms9754d06nn9,t63kms9754d06nn9,career:678e6f910952b153,Chaney Trout,R,R,P,71,195,2000-01-26,"Poplar Bluff, Missouri",Injured,9,boisehawks
2025,67b8ea7qqbxy32hs,67b8ea7qqbxy32hs,career:d379dcf3137b5d82,Trey Jones,R,R,Pitcher,72,185,1999-07-03,"Baxley, Georgia",Active,10,boisehawks
2025,2nm8smw9i29cjoz2,2nm8smw9i29cjoz2,career:d8c82f3fe3512be1,Jeremiah Begora,R,R,IF,,235,,"Cartersville , GA",Active,11,boisehawks
2025,aiihaw8c55jfbrrt,aiihaw8c55jfbrrt,career:c5a99fc2a8ba238c,Mark Lopez,R,R,Pitcher,,170,2002-06-23,"Conroe, TX",Inactive,12,boisehawks
2025,khi08v8wenrg4bst,khi08v8wenrg4bst,career:1848be417916e29f,Christian Marrufo,R,R,Pitcher,74,210,1999-05-04,"Santa Teresa, NM",Active,13,boisehawks
2025,2bfhgsbpdkj11j4e,2bfhgsbpdkj11j4e,career:f6cdb16283b49bf1,Gabriel Pacheco,R,R,Pitcher,,195,2002-07-16,"Spring, Texas",Active,14,boisehawks
2025,f3oe16etvvrqpvvj,f3oe16etvvrqpvvj,career:c41af59270f11285,Ryan Grabosch,R,R,C,75,220,2001-01-17,"Tucson, AZ",Injured,15,boisehawks
2025,qv7b8w9igd0uzvbn,qv7b8w9igd0uzvbn,career:5af2b195c5645af9,Nicholas Palumbo,R,R,Pitcher,,215,2000-01-20,"Richmond Hill, GA",Inactive,16,boisehawks
2025,58yhahkbx5ujtyt6,58yhahkbx5ujtyt6,career:519e7da021713e11,Jacob Hughes,,,,,225,,,Active,17,boisehawks
2025,jbrczbrfcu3icv1p,jbrczbrfcu3icv1p,career:6d8659806900138d,Max Jung-Goldberg,L,R,UTL,72,205,2000-05-08,"Palo Alto, CA",Inactive,18,boisehawks
2025,frfexft62rltqd23,frfexft62rltqd23,career:2b3032d32dede67c,Mason Dillow,R,R,P,,205,2001-04-26,"Phoenix, AZ",Active,19,boisehawks
2025,f1998zjemqemof2q,f1998zjemqemof2q,career:23341dc394c5a559,Connor Markl,L,L,P,,195,,"Scottsdale, AZ",Injured,21,boisehawks
2025,kbm2x2mv6jhpshm4,kbm2x2mv6jhpshm4,career:abd646c42883c9f7,Noah McBride,R,R,P,75,215,,"Lakeside, CA",Active,22,boisehawks
2025,376lyivnsum77yaf,376lyivnsum77yaf,career:7261506ffdab4448,Graham Edwards,R,R,P,,205,,"Woodruff, SC",Active,23,boisehawks
2025,668fl4ripb9e2dtp,668fl4ripb9e2dtp,career:252eaa14f0f75950,Ethan Crawford,R,R,Catcher,,210,2003-11-18,"Tiburon, CA",Active,26,boisehawks
2025,7qe24lx3a1lwg4op,7qe24lx3a1lwg4op,career:dfe13057c548a3a6,Quinn Waterhouse,L,L,P,76,220,2000-07-29,"Bondurant, Iowa",Inactive,26,boisehawks
2025,8mm02qjlgmdz41vj,8mm02qjlgmdz41vj,career:c33f49b927ff06be,Blake Johnson,R,R,Pitcher,75,215,2002-03-26,"San Dimas, CA",Inactive,28,boisehawks
2025,hiq97k8vy96q2nhr,hiq97k8vy96q2nhr,career:38e08d190664ed66,Dakota Conners,R,R,IF,70,180,1996-02-09,"Manteca, CA",Injured,29,boisehawks
2025,hq4v7het7dj2tzw4,hq4v7het7dj2tzw4,career:40d7814ed9f144ab,Xavier Croxton,L,L,OF,,200,2001-06-16,"Fort Wayne , IN",Inactive,31,boisehawks
2025,725f9esndmqr653u,725f9esndmqr653u,career:594d06f81fdd2a1f,Drew Woodcox,R,R,OF,,220,2001-07-16,"Houston , TX",Active,32,boisehawks
2025,6pepnwlmp3ma7k4o,6pepnwlmp3ma7k4o,career:d241fc9da2641903,J.C. Santini,R,R,C,71,195,,"Austin, TX",Active,33,boisehawks
2025,wr3n8osrdv8h723r,wr3n8osrdv8h723r,career:6f6cfd429fea27e0,Joe Skapinetz,L,R,P,,235,2002-08-07,"Far Hills, NJ",Injured,34,boisehawks
2025,sg30ktibebdzvey6,sg30ktibebdzvey6,career:c2bed041f4b0ebb6,Jaykob Acosta,R,R,Pitcher,,205,2001-04-07,"Exeter, CA",Active,35,boisehawks
2025,exvgq5p46selvdjz,exvgq5p46selvdjz,career:b0a4832f4cb2de10,Myles Rothfarb,R,R,Pitcher,,180,2000-05-15,"Culver City, CA",Active,36,boisehawks
2025,nu266budl9xp0y6n,nu266budl9xp0y6n,career:007be5a10348c01a,Taylor Darden,R,R,IF,73,185,2000-01-16,"Las Vegas, NV",Inactive,38,boisehawks
2025,radqy7or094qlalr,radqy7or094qlalr,career:948a474584e3bd38,Murphy Gienger,R,R,P,,225,2000-06-29,"Castle Rock, CO",Injured,45,boisehawks
2025,5ojsn6k4q7xsg7pk,5ojsn6k4q7xsg7pk,career:c23642a9e9b78dfb,Blake McFadden,R,L,P,75,225,1998-02-16,"Meridian, ID",Injured,46,boisehawks
2025,xtxvqjug5hj5xbk2,xtxvqjug5hj5xbk2,career:7cd356f9dd805705,Robert Butenschoen,R,R,Pitcher,,185,2001-08-07,"Vancouver, WA",Inactive,61,boisehawks
2025,z169f971o9v6tqyj,z169f971o9v6tqyj,career:1be724e98d619719,Kyle Moore,R,R,,,210,,,Inactive,62,boisehawks
2025,up3x3lucyknvol2u,up3x3lucyknvol2u,career:9cdd7d5c3c122ba0,Bryan Perez,R,R,P,70,185,2000-04-14,"Azusa , CA",Inactive,63,boisehawks
2025,y2pwkr797kh7w5c2,y2pwkr797kh7w5c2,career:6a40af9138e68a8f,Bryson Vaughn,R,R,UTL,70,205,2000-06-05,"Meridian , Idaho",Inactive,64,boisehawks
2025,fxo1ykyxjvvh96bq,fxo1ykyxjvvh96bq,career:9aa661880fd33aa6,Coleton Horner,R,R,UTL,,205,1997-07-08,"Meridian , Idaho",Inactive,65,boisehawks
2025,ao2qunyru5bplt3w,ao2qunyru5bplt3w,career:860a23346db1ca74,Richard Dell,R,R,P,74,200,2000-09-10,"Bridgeville, PA",Inactive,66,boisehawks
2025,vehasm1shubm4r0o,vehasm1shubm4r0o,career:d55f9715d0a8580f,Nolan George,R,R,P,,180,,"The Colony, TX",Inactive,67,boisehawks
2025,yl90ottpjy9w3dk5,yl90ottpjy9w3dk5,career:cc7f3df2de3f0bcc,Braden Carmichael,R,L,P,,185,2000-05-23,"Prosper, TX",Inactive,68,boisehawks
2025,7wzlb1yzsavvfw0b,7wzlb1yzsavvfw0b,career:503093e1b64b0c47,Brady Gilmore,R,R,P,,193,,"Dallas, TX",Inactive,80,boisehawks
2025,i29e5comxyr1dvrz,i29e5comxyr1dvrz,career:c532ab0602f5bc8b,John Pyle,R,R,Utility,72,200,,"Lakeside, CA",Inactive,81,boisehawks
2025,9mjy8dvawhf7k0g5,9mjy8dvawhf7k0g5,career:2e566b487f907f2e,Jaylon Lee,R,R,OF,71,208,1998-12-13,"Newport News, VA",Inactive,82,boisehawks
2025,c4awcsazwlc0nuym,c4awcsazwlc0nuym,career:fa070f9b314fada2,Jack Leary,R,R,P,,185,2001-05-23,"Greenacres, WA",Inactive,83,boisehawks
2025,bupc0gu6a0cy3cng,bupc0gu6a0cy3cng,career:90682c4e5adc990e,Joseph Kalafut,L,L,OF,,215,2000-07-08,,Inactive,84,boisehawks
2025,p22yx8gfb4uxwmn9,p22yx8gfb4uxwmn9,career:c2021fb72507d29f,Hylan Hall,R,R,P,75,210,2001-01-19,"Ocoee, FL",Inactive,85,boisehawks
2025,32d7at9bq8od3t1g,32d7at9bq8od3t1g,career:4d9de86d6f916c92,Carter Gannaway,R,R,P,74,218,2001-02-14,"Decatur, Alabam",Inactive,86,boisehawks
2025,yw9ao73kvz3llvck,yw9ao73kvz3llvck,career:dac2aaf424c69d78,Tony Roca,R,L,P,,240,2000-12-05,"Ponte Vedra Beach, FL",Inactive,87,boisehawks
2025,t220597ev3e4ijsh,t220597ev3e4ijsh,career:8825f1d639137640,Trevor McGee,L,L,P,,175,1999-07-27,"Bensalem , PA",Inactive,88,boisehawks
2025,cue6y5tb5kty30pk,cue6y5tb5kty30pk,career:94fc760b2b02b173,Javier Ramos,R,R,P,78,225,,"Vian, OK",Inactive,89,boisehawks
2025,jatoj8s7jzui9yc3,jatoj8s7jzui9yc3,career:53041e8168deaeb9,Marco Martinez,R,R,IF,74,210,1999-12-15,"Athens, TN",Inactive,92,boisehawks
2025,ce1iavxh0u7siqsb,ce1iavxh0u7siqsb,career:066d41f95250f46b,John Malcolm,L,L,OF,75,225,2000-01-04,"Temple Terrace , FL",Inactive,93,boisehawks
2025,3xznmfgfho2bakzu,3xznmfgfho2bakzu,career:13e9f070b2383c26,Augie Mojica,R,R,P,,175,,"Tampa, FL",Inactive,94,boisehawks
2025,bg7ltkh8prqtrl70,bg7ltkh8prqtrl70,career:73467094c58f5d07,Leurys Diaz,R,R,RHP,,226,,"Wyandanch, New York",Inactive,95,boisehawks
2025,ns8wn9qkygugkb9s,ns8wn9qkygugkb9s,career:2aafb03de575cc24,Evan Kowalski,R,R,P,74,200,,"Meridian, ID",Inactive,97,boisehawks
2025,u4ez913apwkdp86i,u4ez913apwkdp86i,career:75308d8ed94a4a1a,Jeremiah Locklear,R,L,P,,220,,"Pembroke, NC",Active,99,boisehawks
2025,b0wcwq9r4nvqldwt,b0wcwq9r4nvqldwt,career:55c195de4002b281,Matt Fabian,R,R,,74,215,,"Estero, Florida",Active,4,coloradospringsskysox
2025,2oyr5r7opv23s3pv,2oyr5r7opv23s3pv,career:3ebf4752e34352ce,Brett Roberts,R,R,,73,195,2001-03-12,,Active,6,coloradospringsskysox
2025,wclemxwmo2sy8wth,wclemxwmo2sy8wth,career:6adb8490b37a90aa,Edwin Martinez Pagani,R,R,UTL,69,175,,"Sahuarita , AZ",Active,7,coloradospringsskysox
2025,u2qlqon19x6c6w3h,u2qlqon19x6c6w3h,career:02b8a7af23ab7b29,Kai Moody,R,R,,73,195,1999-08-13,,Active,8,coloradospringsskysox
2025,xrhhvgtchqpw2hgm,xrhhvgtchqpw2hgm,career:ea3cc05d0e6ec5e0,Juan Coronado,R,R,P,73,190,2001-09-10,"Corpus Christi, TX",Inactive,9,coloradospringsskysox
2025,vscwpzt2hexepy64,vscwpzt2hexepy64,career:e7a057852218fd3f,Johan Castillo,L,L,,71,205,,"Fontana, CA",Active,11,coloradospringsskysox
2025,f3wjvnmd2zysumwx,f3wjvnmd2zysumwx,career:70e37c08daaf6c06,Charlie Adamson,R,R,P,76,225,2001-03-27,"Beverly Hills, CA",Active,12,coloradospringsskysox
2025,khcrwbcbipu2bcmg,khcrwbcbipu2bcmg,career:4d60fe9c4c7739ee,Tahj Cunningham,R,R,P,68,160,1999-10-23,"Tallahassee, FL",Active,13,coloradospringsskysox
2025,3lh7rsmeoi2aw47t,3lh7rsmeoi2aw47t,career:288d8072e4769e9d,Quintt Landis,R,R,,70,185,2001-01-15,"Moorpark, CA",Inactive,14,coloradospringsskysox
2025,q2ilr80howzzuw5j,q2ilr80howzzuw5j,career:f8e19f243a9bf4b7,Marco Martinez,R,R,INF,73,200,1999-12-15,"Athens, TN",Active,15,coloradospringsskysox
2025,fed90noy2ji0f5sl,fed90noy2ji0f5sl,career:feee953eed9a3382,Zane Denton,S,R,IF,,210,,"Brentwood, TN",Inactive,16,coloradospringsskysox
2025,ygh1t8jowulu9no0,ygh1t8jowulu9no0,career:f9ce02fd1ad5716e,Chase Martinez,R,R,P,70,190,1999-04-12,"Escondido, CA",Active,18,coloradospringsskysox
2025,yivveofv9v11u1cl,yivveofv9v11u1cl,career:848835de70f1a6fc,Josiah Chavez,L,R,C,74,195,,"Santa Paula, CA",Active,20,coloradospringsskysox
2025,3uill872efhxev6u,3uill872efhxev6u,career:8a0655ff6931b5b7,Maikol Lopez,L,L,,,,,,Active,21,coloradospringsskysox
2025,al2kh9h54j8prr0q,al2kh9h54j8prr0q,career:e925d29570d02235,Justin Johnson,R,R,Third Base,,,,,Active,22,coloradospringsskysox
2025,8kjz1zksmx8wqbky,8kjz1zksmx8wqbky,career:d302d909c27f8d1c,Jose Ochoa,R,R,,,,,,Active,23,coloradospringsskysox
2025,yh45rm8iw5xetrej,yh45rm8iw5xetrej,career:50a1b45c2ea7791b,Omar Veloz,R,R,,73,220,,"Los Angeles, CA",Active,27,coloradospringsskysox
2025,hutondvaprs7rj38,hutondvaprs7rj38,career:7b246f1d23b31bea,Matthew Lauria,R,R,P,76,205,2003-07-15,"Brooklyn, CT",Active,29,coloradospringsskysox
2025,aosasucsaoh7qieu,aosasucsaoh7qieu,career:1ae3fe3e2e661e1f,Danny Fox,R,R,,,,2000-05-18,,Active,30,coloradospringsskysox
2025,zlbemxqvf024x7pn,zlbemxqvf024x7pn,career:f96bcf55ce204515,Ethan Ross,L,L,P,74,190,2000-11-16,"Imperial, CA",Active,31,coloradospringsskysox
2025,pc4t8yra3oyd3bcw,pc4t8yra3oyd3bcw,career:8a8dc2b35f604a76,Andres Alonso,R,L,P,72,210,1999-07-21,"Los Angeles, CA",Active,32,coloradospringsskysox
2025,1rfcxar7gs477y6n,1rfcxar7gs477y6n,career:00736dda673bdf5d,Zachary Chamizo,L,R,UTL,70,195,2002-08-27,"Lincoln, CA",Active,33,coloradospringsskysox
2025,2cmabhil7jgmm6c7,2cmabhil7jgmm6c7,career:e67f8ca08802098f,Ryan Velazquez,R,R,,76,230,1999-05-28,"Rockledge, FL",Inactive,34,coloradospringsskysox
2025,7mj8owdvrtyd2xuc,7mj8owdvrtyd2xuc,career:219e18478e8af1e4,Jonathan Smith,S,R,OF,76,185,2002-05-09,"Rancho Cucamonga, CA",Inactive,35,coloradospringsskysox
2025,dz5ybfor0sa28q0s,dz5ybfor0sa28q0s,career:48570ec57ccc14d0,Adam Wibert,R,R,,75,230,2000-12-01,"Hubbard, Ohio",Inactive,57,coloradospringsskysox
2025,swo44fjggj9omd7g,swo44fjggj9omd7g,career:e74725696a221574,Joe Kinsky,R,R,,72,212,1998-08-03,"Denver, CO",Inactive,58,coloradospringsskysox
2025,lfo5ts2e5f915b7x,lfo5ts2e5f915b7x,career:42a8ecebc7869f2c,Michael Byrne,L,R,P,75,225,1995-11-06,"Phoenix, AZ",Inactive,62,coloradospringsskysox
2025,ale576sucreyw1d5,ale576sucreyw1d5,career:0f0117967eb739cb,Marques Titialii,R,L,OF,72,200,1998-10-21,"Peoria, AZ",Inactive,63,coloradospringsskysox
2025,xrt4t3rtxpa246x2,xrt4t3rtxpa246x2,career:f1e860917265e4a0,Noel Soto,R,R,,71,200,2000-02-02,"Lakewood, CA",Inactive,64,coloradospringsskysox
2025,fvmleosjxdr6tuli,fvmleosjxdr6tuli,career:8f57466af742d489,Kamau Neighbors,R,R,INF,70,168,1999-10-07,"Carson, CA",Inactive,65,coloradospringsskysox
2025,dtat8nzard2vv2xx,dtat8nzard2vv2xx,career:f8f9925acad3d84b,Breyln Jones,R,R,,73,195,2000-10-15,,Inactive,66,coloradospringsskysox
2025,ytn7mqpe84ixby7w,ytn7mqpe84ixby7w,career:4800f0801b3c9ce6,Jacob Norris,L,R,P,79,215,,"Hilliard, OH",Inactive,76,coloradospringsskysox
2025,vl6g9ur42zhxwmn4,vl6g9ur42zhxwmn4,career:91a877ece2b63ab8,D'Anthony Beckman,R,L,P,73,200,,"St. Paul, MN",Inactive,77,coloradospringsskysox
2025,kunvku6xjcnf6ymi,kunvku6xjcnf6ymi,career:a9e9110b3539ad01,Andrew Martinez,R,R,,71,190,1997-06-17,"Pacifica, CA",Inactive,78,coloradospringsskysox
2025,9fg109vyklbzgmwv,9fg109vyklbzgmwv,career:080d06b1691fa742,Caleb Reyes,R,R,P,72,220,,"Woodland Hills, CA",Inactive,79,coloradospringsskysox
2025,7oq3j54w0xgb4tm0,7oq3j54w0xgb4tm0,career:70c2bb3aa0a51538,Gordon Richardson,R,R,,72,170,2000-07-27,"Virginia Beach, VA",Inactive,80,coloradospringsskysox
2025,9qrgtn5k39bvbgbj,9qrgtn5k39bvbgbj,career:8e57f16226397436,Ubaldo Romo,R,R,,73,195,1999-07-25,"Hickman, CA",Active,81,coloradospringsskysox
2025,05eihvbf9wvx0ikn,05eihvbf9wvx0ikn,career:3cb5073e5df9334b,Marquis Jackson,L,R,UTL,68,195,,"Chicago, IL",Inactive,82,coloradospringsskysox
2025,vk4iyt5slbyxwgq3,vk4iyt5slbyxwgq3,career:0eba29c32990aa0c,Kenny Carrillo,R,R,,74,182,1998-11-23,"Montebello, CA",Active,83,coloradospringsskysox
2025,ae1xwas0un712rzy,ae1xwas0un712rzy,career:baefb20a62b46982,Anthony Abbatine,S,L,OF,71,175,1999-07-16,"Warwick, NY",Inactive,84,coloradospringsskysox
2025,xj78ehueo71ii6kn,xj78ehueo71ii6kn,career:fba8b232e6cdf450,Gianni Horvat,R,R,MIF,71,175,,"Valencia, CA",Inactive,85,coloradospringsskysox
2025,l2whwasctgpaxexr,l2whwasctgpaxexr,career:b375cd7189eca487,Ty Collins,L,R,,76,185,2001-08-29,"Los Angels, CA",Inactive,86,coloradospringsskysox
2025,twqnymp68ltasrbv,twqnymp68ltasrbv,career:71e08037223bbd45,Manny Jackson,L,R,,76,215,2002-04-21,"Coral Gables, FL",Inactive,87,coloradospringsskysox
2025,8jdc51na3gjfhl3n,8jdc51na3gjfhl3n,career:a05b54b472d1af86,Joshua Kennedy,L,L,,72,205,2001-11-10,"Upland, CA",Inactive,88,coloradospringsskysox
2025,hop8dcgroxhk8foq,hop8dcgroxhk8foq,career:51b32bd69527be59,Anthony Torreullas,R,R,,,,,,Inactive,89,coloradospringsskysox
2025,h6xo5wu8e031scmz,h6xo5wu8e031scmz,career:12e1ea12f8a129ec,William Brassil,R,R,OF,,,2000-03-12,",",Active,91,coloradospringsskysox
2025,4nwha835d10xf7zl,4nwha835d10xf7zl,career:023b381b6c138710,Dreylin Holmes,R,R,,73,210,2002-06-26,"Griffin, GA",Inactive,91,coloradospringsskysox
2025,8kjsc0ma2519v5ii,8kjsc0ma2519v5ii,career:e10ed00f572c1fe8,Max Maarleveld,L,L,,75,200,1997-01-13,"Rutherford, NJ",Inactive,92,coloradospringsskysox
2025,efu37zss2w04ihdi,efu37zss2w04ihdi,career:222d8baee0ad4fd5,Trey Watson,L,R,P,76,230,,"Auburn, AL",Active,92,coloradospringsskysox
2025,71mac39es0pxay82,71mac39es0pxay82,career:20951efd2293f2b8,Juan Coronado,R,R,,73,190,2001-09-10,,Inactive,93,coloradospringsskysox
2025,16ggsa13ok5x1ca1,16ggsa13ok5x1ca1,career:bad9d340eb71dea1,Roberto Coronado,R,R,RHP,,,,,Inactive,94,coloradospringsskysox
2025,03xlcv04i2agi6qs,03xlcv04i2agi6qs,career:86bde5ea5bdc2c5f,Zach Hill,L,L,,74,220,1998-03-10,"Shawnee, KS",Inactive,95,coloradospringsskysox
2025,xro3bl0sgrwwwc6z,xro3bl0sgrwwwc6z,career:ae6fb45d77c1f320,Kyle Jenkins,L,R,,73,205,1999-05-12,"Summerville, SC",Inactive,96,coloradospringsskysox
2025,z12uthvi4z9amvv1,z12uthvi4z9amvv1,career:91f4ee9a36c865e4,Andrew Washington,R,R,,73,197,2001-02-10,"Sharpsburg, GA",Inactive,97,coloradospringsskysox
2025,r2ckbq38urouxjq7,r2ckbq38urouxjq7,career:56bf4fbd8fc5f5d2,Aiden Moza,,R,RHP,73,195,2003-06-20,"Dallas, GA",Inactive,98,coloradospringsskysox
2025,9vixjnb9ghjlbqnp,9vixjnb9ghjlbqnp,career:16e45af7fc926adc,Teddy Bridges,R,R,,72,195,1999-01-30,"Montgomery, AL",Inactive,99,coloradospringsskysox
2025,1pk8u7yvk69kp4tb,1pk8u7yvk69kp4tb,career:e0c21242b1456dd3,Alain Lopez,R,R,,69,194,2002-09-25,"Tampa, FL",Inactive,99,coloradospringsskysox
2025,riant5z354rgz3ls,riant5z354rgz3ls,career:a00e43aff525c2b1,Eldridge Armstrong III,R,R,P,74,195,2003-03-16,"Simi Valley, CA",Active,,coloradospringsskysox
2025,m3la5solkouolx72,m3la5solkouolx72,career:5e1b47d055fa37b5,Kenneth Levari,L,R,3B,74,185,2002-05-08,"Vineland, NJ",Active,1,glacierrangeriders
2025,xr3t4xi2hpwjt9ah,xr3t4xi2hpwjt9ah,career:4eca8c4a85cbe6c3,Jake Millan,S,L,OF,73,210,,"Springbrook, PA",Active,2,glacierrangeriders
2025,6mzlpa5elwj7toof,6mzlpa5elwj7toof,career:87e221c8b05ada61,Eli Paton,L,R,3B/1B,75,210,2002-01-05,"La Canada, California",Active,3,glacierrangeriders
2025,33n032zzxvy70gh9,33n032zzxvy70gh9,career:e73cf2c135328cd0,John Mabry,R,R,INF,71,170,,"Chesterfield, MO",Active,4,glacierrangeriders
2025,mjxadk0vfbg6wrb6,mjxadk0vfbg6wrb6,career:a1eeb97e80922580,Darrel Wood,R,R,INF,72,175,,"Atlanta, Texas",Inactive,5,glacierrangeriders
2025,1726m3cwtn1q76az,1726m3cwtn1q76az,career:3c6f8941862c111b,Carson Garner,R,R,INF,73,205,,"Franklin, TN",Active,6,glacierrangeriders
2025,3boolxenzahwsgwc,3boolxenzahwsgwc,career:b20ea6ae709d6912,Donovan Ratfield,R,R,C,73,200,,"Sparks, Nevada",Active,7,glacierrangeriders
2025,nvtcrggnvvcdz7lb,nvtcrggnvvcdz7lb,career:e9fe442aaadf4298,Angel Mendoza,R,R,C,70,190,,",",Active,8,glacierrangeriders
2025,688q8ro4e7rkurdd,688q8ro4e7rkurdd,career:b733983b4716c619,Luke Cooper,R,L,LHP,72,200,,",",Active,9,glacierrangeriders
2025,9vmpqa5bj8u8rq45,9vmpqa5bj8u8rq45,career:b63248f5fa48975a,Gabe Howell,R,R,INF,73,180,1998-03-12,",",Active,10,glacierrangeriders
2025,i8l4ta0t91hdoy9t,i8l4ta0t91hdoy9t,career:db980a073207a9dc,Nick Zegna,R,R,RHP,76,224,,",",Active,11,glacierrangeriders
2025,0mq5otz6yhl5zq4a,0mq5otz6yhl5zq4a,career:6b1f9ad197621613,Jared Engman,R,R,RHP,72,215,2001-05-30,", --",Active,12,glacierrangeriders
2025,11a5p1fuq8hjx1cv,11a5p1fuq8hjx1cv,career:40e830c8cb25c30e,TJ Clarkson,L,L,OF,,225,,", --",Active,13,glacierrangeriders
2025,z7vqsp4wka40666m,z7vqsp4wka40666m,career:202386815784ef9c,Ty Bothwell,R,L,LHP,70,198,,"Crown Point, --",Active,15,glacierrangeriders
2025,c8oh72nhpzvo2p76,c8oh72nhpzvo2p76,career:e585da6bf861e553,Kyle Ashworth,L,R,OF,72,180,,"Tustin, CA",Active,16,glacierrangeriders
2025,f2ehcs45ockr2xsi,f2ehcs45ockr2xsi,career:aad5d57a796dab66,Rayne Supple,R,R,RHP,75,240,,"Shelburne, VT",Active,17,glacierrangeriders
2025,q6snvl1ftd5f7006,q6snvl1ftd5f7006,career:64fb06b163356356,Tyler Davis,,R,RHP,74,200,2002-05-15,",",Active,18,glacierrangeriders
2025,nzmauvon1l396si5,nzmauvon1l396si5,career:ebe10c719412f85c,Luke Schafer,R,R,RHP,75,220,,",",Active,19,glacierrangeriders
2025,9m10xvuvf3o8hg1f,9m10xvuvf3o8hg1f,career:003c8be14aa23105,Kingston Liniak,R,R,OF,74,200,,"San Marcos, CA",Active,20,glacierrangeriders
2025,xub464643p3s5xfa,xub464643p3s5xfa,career:0310bc9c97027077,Connor Housley,,R,RHP,,,2001-08-18,"Tyrone, GA",Injured,21,glacierrangeriders
2025,ifwszmxruugd1gdu,ifwszmxruugd1gdu,career:21843e56f280c800,Grant Taylor,R,R,RHP,,,,,Active,23,glacierrangeriders
2025,022ejfb0u8jqfybm,022ejfb0u8jqfybm,career:42b83d5c06c647a8,Davis Pratt,R,R,RHP,74,205,,"Albuquerque, NM",Active,24,glacierrangeriders
2025,xnrud4czc7dqzl8h,xnrud4czc7dqzl8h,career:0aef2580a1d6a900,Jack Lynch,L,R,SS,77,200,,"Trumbull, CT",Active,25,glacierrangeriders
2025,2gsqh5cazm4budtk,2gsqh5cazm4budtk,career:c67847703d2ab3d6,Nicholas Ferazzi,R,R,RHP,74,185,,",",Active,27,glacierrangeriders
2025,tzmwh4xp1p86xzg9,tzmwh4xp1p86xzg9,career:2d638a214f469567,Sean Brennan,R,R,RHP,,,,",",Active,28,glacierrangeriders
2025,vui2grvaoogibo28,vui2grvaoogibo28,career:457bab6209c65b16,Logan Beard,R,R,INF,72,215,,"Louisville, KY",Active,29,glacierrangeriders
2025,ic3zr75qri20c5ch,ic3zr75qri20c5ch,career:4a928c3e83161826,Joshua Rego,R,R,INF,,,,",",Inactive,30,glacierrangeriders
2025,ntczqf48tuaih7y0,ntczqf48tuaih7y0,career:9019fcf0848fc5c1,Jacob Hasty,R,L,LHP,74,230,,"Keller, Texas",Active,32,glacierrangeriders
2025,mv6s097mjpcz2d8r,mv6s097mjpcz2d8r,career:94f06a7f6c53f8c4,Jason Franks,R,R,RHP,76,235,1999-01-23,"Novato, CA",Injured,34,glacierrangeriders
2025,s422dcawwrwvkopk,s422dcawwrwvkopk,career:ac30dea3de75b44a,Ethan O'Neal,R,R,RHP,76,210,,"Henderson, Nevada",Active,35,glacierrangeriders
2025,mjq1vtjzegxtxlm4,mjq1vtjzegxtxlm4,career:0d754b5c84781e59,Cam Cowan,R,R,RHP,77,250,1998-10-25,"Elkhart, --",Inactive,37,glacierrangeriders
2025,n99oi8pv8m6ut2z3,n99oi8pv8m6ut2z3,career:a58730e4faca0aae,Eldridge Armstrong III,R,R,RHP,74,195,2003-03-16,"Simi Valley, CA",Inactive,81,glacierrangeriders
2025,n1g3t4whz1ke0muf,n1g3t4whz1ke0muf,career:5fca8680fe847e81,Xavier Casserilla,R,R,IF,72,220,,",",Inactive,82,glacierrangeriders
2025,7fu5ru8hga20e334,7fu5ru8hga20e334,career:c2cfc70788c359c4,Thomas Green,R,R,INF,72,175,,",",Inactive,91,glacierrangeriders
2025,palz0vy95db2optx,palz0vy95db2optx,career:5d70483412c26691,Cam Liss,R,L,LHP,72,202,,",",Inactive,92,glacierrangeriders
2025,3k7ysfgsjmtc8kqq,3k7ysfgsjmtc8kqq,career:d960746d8017bb3a,Noah Owen,R,R,RHP,76,200,,",",Inactive,93,glacierrangeriders
2025,lxy5m1w6pu28csl0,lxy5m1w6pu28csl0,career:045cf977539d4bf9,JD McLaughlin,R,R,OF,74,203,,",",Inactive,94,glacierrangeriders
2025,vpfvnc2pg4jm3eez,vpfvnc2pg4jm3eez,career:504ec694c6c7a9cd,Drew Sims,R,R,C,77,230,1999-06-22,",",Inactive,96,glacierrangeriders
2025,e4scjrueax679wk9,e4scjrueax679wk9,career:3d966dec24e2d2b7,Noah Cole,R,R,RHP,75,215,,",",Inactive,97,glacierrangeriders
2025,45intxq60af65mba,45intxq60af65mba,career:69089bb0d0ff2731,Trevor Baker,R,R,RHP,71,158,,",",Inactive,98,glacierrangeriders
2025,erjepso4ogg12gs3,erjepso4ogg12gs3,career:32433764d52a3b53,Gavin Tonkel,R,R,OF,74,180,2002-11-06,",",Inactive,99,glacierrangeriders
2025,97egpzj6v8e9rmbm,97egpzj6v8e9rmbm,career:2203a929f1000c02,Kendall Foster,L,L,CF,68,170,2000-02-25,",",Active,1,grandjunctionjackalopes
2025,rlup42n2hhrazisy,rlup42n2hhrazisy,career:22ff49b3f800a622,Reese Miller,R,R,P,,,2000-05-28,",",Active,3,grandjunctionjackalopes
2025,p3v0yjatzh8z7b2w,p3v0yjatzh8z7b2w,career:0a1e7a36aef14226,Damon Maynard,R,R,C,71,185,1999-01-05,",",Active,5,grandjunctionjackalopes
2025,qs4r3u3x8cfo8n04,qs4r3u3x8cfo8n04,career:c053785257b954ce,Preston Shelton,R,R,IF,,,,",",Active,6,grandjunctionjackalopes
2025,y8u9v7hzcs1wetsc,y8u9v7hzcs1wetsc,career:dccc309c61bc8112,Zeb Roos,R,L,CF,,,,",",Active,8,grandjunctionjackalopes
2025,02y6spv0ke8ejt5s,02y6spv0ke8ejt5s,career:1abf36c6a8898090,Mason Minzey,R,R,C,74,195,1999-10-04,",",Active,9,grandjunctionjackalopes
2025,6e19b9z5vrdl00k4,6e19b9z5vrdl00k4,career:a23d989af05e0ccf,Calyn Halvorson,R,R,OF,72,200,2000-08-08,",",Active,10,grandjunctionjackalopes
2025,yocqhn44h5iufs8f,yocqhn44h5iufs8f,career:50c355609d14cfea,Maddux Hoaglund,L,R,P,,,2000-03-16,",",Active,11,grandjunctionjackalopes
2025,ted3mxsaq1mkxksv,ted3mxsaq1mkxksv,career:29ab934763a83560,Alec Rodriguez,R,R,P,,,2001-05-03,",",Active,12,grandjunctionjackalopes
2025,soxukbzqh2ljzcb2,soxukbzqh2ljzcb2,career:8ec8f9013f797b3a,Tristan Wolf,R,R,RHP,76,200,2001-11-27,"Thornton, CO",Active,13,grandjunctionjackalopes
2025,2kcpx9egaoyfbn7u,2kcpx9egaoyfbn7u,career:1dd1bf4c7dec310d,Isaac Nunez,R,R,IF,73,195,2000-03-15,",",Active,14,grandjunctionjackalopes
2025,muc7w25ah9ircf2c,muc7w25ah9ircf2c,career:77af4620460cdaba,Spence Coffman,R,R,Utility,,,,",",Active,15,grandjunctionjackalopes
2025,7r9wjgt6o2npumqd,7r9wjgt6o2npumqd,career:a5624486b2e21a9a,Aydan Alger,L,L,P,,,2000-11-15,",",Active,16,grandjunctionjackalopes
2025,89apyqwwatcrn5dd,89apyqwwatcrn5dd,career:d7aec194c2ae0797,Diego Aragon,L,R,C,,,,",",Active,17,grandjunctionjackalopes
2025,2u4xf2phg80b66vs,2u4xf2phg80b66vs,career:c86ee17e58c6a6a1,Brock Gillis,R,R,RHP,,,2001-12-05,,Active,18,grandjunctionjackalopes
2025,pezlml2j31qam64n,pezlml2j31qam64n,career:2be0810c33af6215,Branden Blankenship,,,Pitcher,,,2000-03-31,",",Active,19,grandjunctionjackalopes
2025,88yu779st64gr8wr,88yu779st64gr8wr,career:53fdcfa15a4386c4,Mason Longoria,,,Pitcher,,,2001-09-27,",",Active,20,grandjunctionjackalopes
2025,sbjihol4vz7bxam5,sbjihol4vz7bxam5,career:50aec37f4da7a35b,Albert Bobadilla,R,R,P,,,2001-08-07,",",Active,21,grandjunctionjackalopes
2025,2shyypm8lbphq7tr,2shyypm8lbphq7tr,career:1cb7856466695cd1,Alex Pimentel,R,R,OF,74,205,2001-09-15,",",Active,22,grandjunctionjackalopes
2025,vgk1loc7vha1fa4d,vgk1loc7vha1fa4d,career:316508ba798c0080,Jacob McCaskey,R,R,P,,,1999-09-30,",",Active,23,grandjunctionjackalopes
2025,nct6ohn4ufwqil7r,nct6ohn4ufwqil7r,career:49ba5e70011f811a,Evan Scavotto,R,R,Utility,71,200,2001-10-30,",",Active,24,grandjunctionjackalopes
2025,w4vgxbk804ow9q94,w4vgxbk804ow9q94,career:151e920491376dc2,Parker Wakeman,R,R,P,,,2002-01-30,",",Active,26,grandjunctionjackalopes
2025,mm0ayfm0rzue6zkx,mm0ayfm0rzue6zkx,career:b09406f861ee907a,Evan Massie,S,L,P,,,1999-12-26,",",Active,27,grandjunctionjackalopes
2025,yijqqdov35v8m4ka,yijqqdov35v8m4ka,career:88b7a418ac4e4b08,Blake Barquin,R,R,P,,,2003-03-20,",",Active,28,grandjunctionjackalopes
2025,3hvitzojhqveno3s,3hvitzojhqveno3s,career:8424ef6940911ef1,Cale Mathison,R,R,P,,,2001-04-12,",",Active,29,grandjunctionjackalopes
2025,t14w5pq06exoeoeg,t14w5pq06exoeoeg,career:2a333219d3af75e8,Christian Castaneda,R,R,UTL,,,,",",Active,31,grandjunctionjackalopes
2025,0j22pzr1sgageec8,0j22pzr1sgageec8,career:66808b40e8a138ef,Justin Johnson,R,R,3B,,,2000-10-28,",",Inactive,65,grandjunctionjackalopes
2025,m6cisksk1cme7dei,m6cisksk1cme7dei,career:033e0b27c9b3d1ec,Zach Zaborowski,R,R,P,,,2002-07-23,",",Inactive,68,grandjunctionjackalopes
2025,ap1t5pp6fh945hv0,ap1t5pp6fh945hv0,career:07a5f096305e15c3,Will Smith,R,R,P,,,2002-05-20,",",Inactive,69,grandjunctionjackalopes
2025,v4gurtoe3334446u,v4gurtoe3334446u,career:9ba2b28245aa86a9,Phillip Bryant,R,R,P,,,2000-08-22,,Inactive,70,grandjunctionjackalopes
2025,gsivnw8zo931m7jf,gsivnw8zo931m7jf,career:ecd5794bba221a8a,Tai Atkins,L,L,P,,,2001-06-26,",",Inactive,71,grandjunctionjackalopes
2025,zdeuolif435jasvb,zdeuolif435jasvb,career:d3753840575bfc55,Ethan Brown,R,L,P,,,2001-06-16,",",Inactive,72,grandjunctionjackalopes
2025,eudbvlamj8yi43h1,eudbvlamj8yi43h1,career:6d0d1762b86dd594,Ethan Petric,R,R,P,,,2000-06-17,",",Inactive,73,grandjunctionjackalopes
2025,h0ac3nsj0sil1kvm,h0ac3nsj0sil1kvm,career:a0965424df2af36a,Shandon Herrera,R,R,P,,,1998-12-25,",",Inactive,74,grandjunctionjackalopes
2025,40yec40gcla5fyrz,40yec40gcla5fyrz,career:6eaf3483e2877f5e,Joe Cuomo,R,R,P,,,1998-12-01,",",Inactive,77,grandjunctionjackalopes
2025,yd1twq70j8jath72,yd1twq70j8jath72,career:b5a484d2bc3bf34c,Riley Egloff,R,R,P,,,1999-10-19,",",Inactive,78,grandjunctionjackalopes
2025,td3u4b35xms7qt52,td3u4b35xms7qt52,career:5c362529b7f135ad,Justin Silva,R,R,P,,,1999-08-31,",",Inactive,79,grandjunctionjackalopes
2025,78ribchr2324btnu,78ribchr2324btnu,career:f7cf122793a4d823,Jacob Newman,R,R,P,,,2000-08-17,",",Inactive,80,grandjunctionjackalopes
2025,kxhlk761hfdnbx6h,kxhlk761hfdnbx6h,career:6d6a217baab183c8,Coley Kilpatrick,R,R,P,,,2001-06-23,",",Inactive,81,grandjunctionjackalopes
2025,egsqj674iwv134gd,egsqj674iwv134gd,career:398baec76099ff76,Zack Given,L,L,P,,,2000-07-06,",",Inactive,82,grandjunctionjackalopes
2025,ycd6352091qmgggd,ycd6352091qmgggd,career:da1cf2a66bb9188a,Robin Fernandez,L,R,3B,,,2002-01-02,",",Inactive,83,grandjunctionjackalopes
2025,s53r79a1t4qginye,s53r79a1t4qginye,career:02e121e2c38557da,Kendal Ewell,R,R,OF,,,2001-05-11,",",Inactive,84,grandjunctionjackalopes
2025,m1o64307qs9w1wfn,m1o64307qs9w1wfn,career:1a5a1c989341b214,Zach DeVito,R,R,P,,,2001-12-10,",",Inactive,86,grandjunctionjackalopes
2025,dfecsvvbvxsb6akz,dfecsvvbvxsb6akz,career:0be157d772f4512c,Cade Flaherty,R,R,P,,,,",",Inactive,88,grandjunctionjackalopes
2025,m0c7awwp478b7a6c,m0c7awwp478b7a6c,career:82f3124b673d0c1d,Luis Hernandez,L,R,IF,,,1999-05-19,",",Inactive,89,grandjunctionjackalopes
2025,04g0u7z6134ob0ya,04g0u7z6134ob0ya,career:ec8f2d4fdee833cf,Mark Schommer,R,R,P,,,2000-07-18,",",Inactive,90,grandjunctionjackalopes
2025,w1rfd01kyx4i956l,w1rfd01kyx4i956l,career:207a0a00dfa49c6d,Johnnuelle Ponce,R,R,OF,,,1996-06-19,",",Inactive,91,grandjunctionjackalopes
2025,73j07zrn06rakz9d,73j07zrn06rakz9d,career:d1dce0cb5075577e,Matt Piotrowski,R,R,IF,,,2000-02-29,",",Inactive,92,grandjunctionjackalopes
2025,15cei9vb08gnuftt,15cei9vb08gnuftt,career:7f0c4038ee275902,EJ Doskow,R,R,1B,,,2000-04-11,",",Inactive,93,grandjunctionjackalopes
2025,j40kspixkx92pydf,j40kspixkx92pydf,career:3ade5a0c129ccd9e,Brayden Collett,R,R,P,,,2003-01-15,",",Inactive,94,grandjunctionjackalopes
2025,uz6bssbum7j2cylp,uz6bssbum7j2cylp,career:5394db265bf88f11,Luis Carlos Moreno,R,R,SS,,,2002-12-09,",",Protected,1,greatfallsvoyagers
2025,22kpuc1vjfkyf0at,22kpuc1vjfkyf0at,career:6ae9766541fd9353,Emilio Corona,R,R,OF,,,,",",Active,2,greatfallsvoyagers
2025,l6pjxv6ocod6xb9k,l6pjxv6ocod6xb9k,career:bf82eecd09bcccad,Jayden Drake,R,R,RHP,,,2000-07-26,",",Inactive,3,greatfallsvoyagers
2025,sirrfxigw96zfqfu,sirrfxigw96zfqfu,career:d9ceb47b89062dcc,Jordan Hamberg,R,R,,,,2002-06-06,,Active,4,greatfallsvoyagers
2025,wuhmr9srswkql460,wuhmr9srswkql460,career:31277eddbc12020b,Antonio Barranca,R,R,C,,,2001-07-25,",",Active,5,greatfallsvoyagers
2025,5r0uve8uoc38rzy7,5r0uve8uoc38rzy7,career:d1b53252d8a6a5e9,Cory Cook,,,RHP,,,2001-05-21,",",Inactive,6,greatfallsvoyagers
2025,vbgpmn1adsyzl2q2,vbgpmn1adsyzl2q2,career:2dab0cb7346947e8,Jeff Nicol,R,R,C,73,210,2001-04-29,"Wolcott, --",Active,7,greatfallsvoyagers
2025,epbp0hp48t39vbxg,epbp0hp48t39vbxg,career:ff0b099818f0b625,Wyatt Cameron,R,R,RHP,,,,",",Active,8,greatfallsvoyagers
2025,n289txt8u8mtht6m,n289txt8u8mtht6m,career:d795c2a01133d4bc,AJ Fritz,R,R,UTL,72,200,,"Lebanon, OH",Active,9,greatfallsvoyagers
2025,tub3a4oq19cxcl7a,tub3a4oq19cxcl7a,career:0a79ffb5d3f5d7b4,Trey Cruz,R,R,UTL,,,,",",Active,10,greatfallsvoyagers
2025,jiy1i8w8amuxipas,jiy1i8w8amuxipas,career:959a60a36c1e5d24,Nick Marshall,R,R,,75,210,,",",Active,12,greatfallsvoyagers
2025,oad41qdr6qnbf0tv,oad41qdr6qnbf0tv,career:64db3be98dd1ad02,Mitchell Grannan,,,RHP,,,2003-06-03,",",Active,13,greatfallsvoyagers
2025,6jnlqmnclzk6kxr1,6jnlqmnclzk6kxr1,career:45012dc7759560bb,Aidan Redahan,,,INF,,,2002-06-17,",",Active,14,greatfallsvoyagers
2025,8uz6vbulv44cj63t,8uz6vbulv44cj63t,career:2a9b8a904cad7219,Daniel Batcher,,,LHP,,,2000-09-15,",",Injured,15,greatfallsvoyagers
2025,luz3vc9u8by2m2jo,luz3vc9u8by2m2jo,career:866331df68fa9b4b,Danny Galvan,R,R,,70,205,,",",Active,17,greatfallsvoyagers
2025,7oiw8xsykuqw5ifs,7oiw8xsykuqw5ifs,career:d180924bf074096f,Sam Lavin,R,R,RHP,,,2002-06-07,",",Active,18,greatfallsvoyagers
2025,u6cwijs9yiy0q8p7,u6cwijs9yiy0q8p7,career:12722d82877cc3dc,Kyle Schmack,,,OF,,,2001-03-19,",",Active,19,greatfallsvoyagers
2025,jqx5ou5gnobtfpic,jqx5ou5gnobtfpic,career:9caf7d870928be27,Cam Cowan,,,RHP,,,1998-10-25,",",Active,20,greatfallsvoyagers
2025,86vj2pa3px4bdr5w,86vj2pa3px4bdr5w,career:c9ce08fb9e120c89,Tommy Specht,R,R,OF,,,,",",Active,21,greatfallsvoyagers
2025,bek0kwp78beah71a,bek0kwp78beah71a,career:3c236e88c549db15,Brock Watkins,R,R,INF,,,2000-05-19,",",Active,22,greatfallsvoyagers
2025,eld71z3a6qwm6sgq,eld71z3a6qwm6sgq,career:24214ce090cf0cac,Devon Dixon,R,R,INF,,,2002-07-21,",",Inactive,23,greatfallsvoyagers
2025,nmofdfr4lf1aemee,nmofdfr4lf1aemee,career:dd3851a36f2b2662,Robert Kelley,,,RHP,,,,",",Active,24,greatfallsvoyagers
2025,6y36t9iuovc11b67,6y36t9iuovc11b67,career:d422409d2968632d,Roman Kuntz,R,R,1B,,,2001-03-30,"New Carlisle, --",Injured,26,greatfallsvoyagers
2025,2xcs6duljz61jf4e,2xcs6duljz61jf4e,career:01e7c942d348535b,Anthony Swenda,R,R,INF,,,,",",Active,27,greatfallsvoyagers
2025,58l1fy7m0pdzv11z,58l1fy7m0pdzv11z,career:344434f00776cf02,Nolan Pender,R,R,RHP,75,220,,"Louisville, --",Active,28,greatfallsvoyagers
2025,2tad7k8uxum91t9n,2tad7k8uxum91t9n,career:6cc9a895dfddefb5,Cooper Vest,R,R,1B/OF,,,2002-02-13,",",Active,29,greatfallsvoyagers
2025,t5fat2474tk75rls,t5fat2474tk75rls,career:4c6887ee02ec6ebd,CJ Czerwinski,R,R,,,,,",",Active,30,greatfallsvoyagers
2025,cye57l2764k8k7u1,cye57l2764k8k7u1,career:b252b737e78fe88b,Frank Podkul,R,R,1B/DH,,,1995-06-03,",",Active,34,greatfallsvoyagers
2025,mdx67j5ffo55p9w0,mdx67j5ffo55p9w0,career:7dc95eacea2545fa,Josh Collett,R,R,RHP,,,2000-05-24,",",Active,36,greatfallsvoyagers
2025,uilugay222omccc2,uilugay222omccc2,career:dd374f168b8d0727,Jedier Hernandez,,,C,,,2003-04-05,",",Active,37,greatfallsvoyagers
2025,xvpruqu52mvb4pyo,xvpruqu52mvb4pyo,career:ea573e9937bb524e,Luke Helton,R,R,RHP,,,2000-07-06,",",Protected,38,greatfallsvoyagers
2025,x3wt438b1tfoke8o,x3wt438b1tfoke8o,career:883f85706df2c844,Brendan Moody,,,RHP,,,2001-08-14,",",Active,39,greatfallsvoyagers
2025,lxf920yauby569hz,lxf920yauby569hz,career:1ed815d185482c5a,Zach Voelker,R,R,RHP,,,,",",Inactive,77,greatfallsvoyagers
2025,2q29hg9gcq1ed549,2q29hg9gcq1ed549,career:fe0dce1b9fc04410,Kelvin Perez,R,R,RHP,,,2000-09-09,", --",Inactive,78,greatfallsvoyagers
2025,fgyxjb0r734dgsdl,fgyxjb0r734dgsdl,career:776d859a9d1fbee5,Freddy Rojas Jr.,L,R,RF,75,210,1999-06-12,"Eidenburg, TX",Inactive,79,greatfallsvoyagers
2025,atmowjireqdupbek,atmowjireqdupbek,career:daaa8bf224502ae4,Kody Putnam,R,R,,,,2001-05-15,",",Inactive,80,greatfallsvoyagers
2025,vhg9ka7lv4meigy2,vhg9ka7lv4meigy2,career:05deeb5acc576502,Armando Albert,R,R,SS,,,2001-02-08,",",Inactive,81,greatfallsvoyagers
2025,i0qu325gci5wc2ps,i0qu325gci5wc2ps,career:0e55598e84a3cbfb,Frederick Romano,R,R,,,,,,Inactive,82,greatfallsvoyagers
2025,mabl0y5qyy24zuj4,mabl0y5qyy24zuj4,career:063910e31f24eeb7,Nate Madej,L,L,LHP,73,210,1999-05-22,"Daphne, AL",Inactive,83,greatfallsvoyagers
2025,gnnxghs34wqcs7ug,gnnxghs34wqcs7ug,career:cfcd956868397c6f,Anthony MacKenzie,R,R,INF/OF,,,,",",Inactive,84,greatfallsvoyagers
2025,zrfbcycszknljzix,zrfbcycszknljzix,career:fbd6c9b6a8a5f58e,Freddy Forgione,R,R,INF,,,2002-05-21,",",Inactive,85,greatfallsvoyagers
2025,zegb8nzuke2p17h6,zegb8nzuke2p17h6,career:2061d62977e5e514,Sebastian Mueller,R,R,INF,,,,",",Inactive,86,greatfallsvoyagers
2025,8wpxmi5ycgjh5qxv,8wpxmi5ycgjh5qxv,career:5afb05846f238bc5,Jose Ochoa,R,R,P,,,2003-07-25,",",Inactive,87,greatfallsvoyagers
2025,322sa4go0hkmejdm,322sa4go0hkmejdm,career:2365371d2248e236,Alec Patino,R,R,UTL,,,2001-05-22,",",Inactive,88,greatfallsvoyagers
2025,696qq9k2daogo97l,696qq9k2daogo97l,career:b1bb7851870a5be0,Jason Pineda,R,R,P,,,1999-11-22,",",Inactive,89,greatfallsvoyagers
2025,kzpbl03xegcc54tz,kzpbl03xegcc54tz,career:b6f409cf79327956,Ryley Preece,R,R,OF,70,180,2001-09-12,"Staffordsville, KY",Inactive,90,greatfallsvoyagers
2025,057lhpgdumadwlpy,057lhpgdumadwlpy,career:302600f4b39284b1,Grant Sherrod,R,R,OF,,,,",",Inactive,91,greatfallsvoyagers
2025,02pssa4yjl71hmfb,02pssa4yjl71hmfb,career:d22da68107472f6c,Alek Elges,R,R,RHP,,,,",",Inactive,92,greatfallsvoyagers
2025,120jn7ip6y43j02u,120jn7ip6y43j02u,career:e4295b208bc781af,Devin Hurdle,R,R,IF,,,2000-06-18,",",Inactive,94,greatfallsvoyagers
2025,8wsfe9yhzsgvxqyl,8wsfe9yhzsgvxqyl,career:d841580cd0bdd91a,Christian Hall,R,R,UTL,,,2001-02-27,",",Inactive,95,greatfallsvoyagers
2025,htv3gl4hzolorw5j,htv3gl4hzolorw5j,career:ec665b7c147e11f7,Braden Forsyth,R,R,,76,216,,",",Inactive,96,greatfallsvoyagers
2025,blg2tdw16jxgcr2g,blg2tdw16jxgcr2g,career:d854166c82e4fc5e,Dayne Leonard,R,R,C,,,,",",Inactive,97,greatfallsvoyagers
2025,9kovb5ynk30a9mlc,9kovb5ynk30a9mlc,career:3923bddd901d7cc4,Ryan Faulks,R,R,RHP,,190,2002-06-18,",",Active,1,idahofallschukars
2025,zltsj55rk2fieejm,zltsj55rk2fieejm,career:6d2bb93833d5f68a,Anthony Mata,R,R,SS,75,185,2002-02-22,"Spring Valley, California",Active,2,idahofallschukars
2025,8jr94g6qq82no2pr,8jr94g6qq82no2pr,career:f9f154fefcf93a8f,Johnny Pappas,R,R,C,,175,2000-11-09,",",Injured,3,idahofallschukars
2025,skrk6vx965opk50p,skrk6vx965opk50p,career:ee264034d7891792,Spencer Rich,R,R,OF,74,200,2001-02-09,", --",Active,4,idahofallschukars
2025,l7ec6t6fbsil22ku,l7ec6t6fbsil22ku,career:083a8a0e1f8f8480,Garret Ostrander,R,R,INF,71,195,,"San Diego, California",Active,5,idahofallschukars
2025,ti92c6o9j30ec769,ti92c6o9j30ec769,career:3786167658028b57,Steven Ordorica,R,R,RHP,,175,1999-01-18,",",Active,6,idahofallschukars
2025,8g2nnubranmo9mco,8g2nnubranmo9mco,career:b6cc9210344ebaf8,Cale Mathison,R,R,RHP,74,190,2001-04-12,",",Inactive,7,idahofallschukars
2025,ce3ch2u2szccbb7f,ce3ch2u2szccbb7f,career:bbe5055591a358fa,Tyler Wyatt,R,R,UTL,72,195,,"Surprise, Arizona",Active,9,idahofallschukars
2025,fq1gxng02gx7t3o3,fq1gxng02gx7t3o3,career:0a25994e2b29c59d,Dante Zamudio,R,R,RHP,73,190,2002-09-11,",",Injured,10,idahofallschukars
2025,fhrj1wedzwm4vqd4,fhrj1wedzwm4vqd4,career:fc905bd54459a377,Kristofer Bow,R,R,RHP,76,225,2000-11-26,",",Injured,11,idahofallschukars
2025,robdhr37yhmb9jrd,robdhr37yhmb9jrd,career:5cd9d7cb7905e0a9,Brandon Ross,L,L,LHP,73,190,1998-09-13,"Murrieta, California",Injured,12,idahofallschukars
2025,505pfhiyad6eack3,505pfhiyad6eack3,career:5d0bb31676779add,Connor Harrison,L,L,P,72,190,,", --",Active,13,idahofallschukars
2025,0w92nkp0mlmdlo8l,0w92nkp0mlmdlo8l,career:dbc2a2491fe64bd7,Robert Hughes,R,R,P,74,235,2001-01-07,", --",Active,14,idahofallschukars
2025,xn95xbmape590vbp,xn95xbmape590vbp,career:c70d6bda101adf6f,Garrett Van Deventer,L,L,LHP,74,182,2011-08-23,"Brunswick, Georgia",Injured,15,idahofallschukars
2025,jp46vk2mkc0estwn,jp46vk2mkc0estwn,career:753783217ca3166e,Julien Hernandez,R,R,P,73,195,2002-05-12,",",Active,16,idahofallschukars
2025,t86ihi29iv6li93u,t86ihi29iv6li93u,career:83c6e7333e36f0b4,Luke Hempel,R,R,P,77,195,2000-01-02,", --",Injured,17,idahofallschukars
2025,aeueuulxupxui61e,aeueuulxupxui61e,career:b6e7e9ce3e8a5120,Eddie Pelc,L,L,OF,,205,2001-06-30,",",Active,18,idahofallschukars
2025,m2r40iweeyday1oz,m2r40iweeyday1oz,career:6b530c9e64b17b46,Gary Grosjean,R,R,RHP,72,205,,"La Pine, Oregon",Active,19,idahofallschukars
2025,pa10upxg2v08wsbf,pa10upxg2v08wsbf,career:2a8a6f8f81ae8dba,Simon Baumgardt,R,R,INF,,200,2000-10-19,",",Injured,20,idahofallschukars
2025,p9m0gyhkf9mo1cft,p9m0gyhkf9mo1cft,career:67637b6463925210,Jean Reyes,R,R,RHP,71,160,2002-08-16,",",Active,21,idahofallschukars
2025,xa1sxshuzz4wozcc,xa1sxshuzz4wozcc,career:063c5477a050e1c6,Benjamin Rosengard,L,R,INF,75,185,2000-01-18,", --",Injured,22,idahofallschukars
2025,80eolnh9j8u5u4bg,80eolnh9j8u5u4bg,career:76e6846f6ba1c003,Jake Dixon,L,L,Pitcher,76,210,2000-07-05,",",Active,23,idahofallschukars
2025,cx5bvp8a5sraoe7r,cx5bvp8a5sraoe7r,career:b2d7344c9712715d,Bennett Flynn,R,R,RHP,73,190,2001-05-29,",",Active,24,idahofallschukars
2025,84wm5lv44s4j767f,84wm5lv44s4j767f,career:0ce97d6e3453ab5a,Trevor Rogers,L,L,1B,76,235,,", --",Active,26,idahofallschukars
2025,2nvhn20620zfgs9g,2nvhn20620zfgs9g,career:7553ba300a08a8d1,Jacob Jablonski,R,R,INF/OF,74,215,,", --",Active,27,idahofallschukars
2025,n7586j82dw4n1sfa,n7586j82dw4n1sfa,career:0b1a6f64ba77e01b,Thomas McCaffrey,R,R,C,71,205,,", --",Active,28,idahofallschukars
2025,hrmogaoaf75sz8n5,hrmogaoaf75sz8n5,career:eef4cea88cf390d8,Nicolo Pinazzi,L,L,P,74,200,1999-10-25,",",Active,29,idahofallschukars
2025,yw2da7ceqg4hudp6,yw2da7ceqg4hudp6,career:8169d51abec5d3b7,Grady Morgan,L,R,OF,74,215,2000-06-27,", --",Active,31,idahofallschukars
2025,luoz587td6u7bdcc,luoz587td6u7bdcc,career:968213aaadfc5f39,Nathan Hemmerling,R,R,RHP,75,235,2000-07-27,"Realto, California",Active,33,idahofallschukars
2025,648ninww3639kj71,648ninww3639kj71,career:b94541c0b23dd012,Tyler Curtis,R,R,Pitcher,,,,,Inactive,34,idahofallschukars
2025,r7fafj2hxu9g5128,r7fafj2hxu9g5128,career:f82bd2b60fc7a438,Ricky Tibbett,L,R,P,,,2001-03-04,",",Injured,37,idahofallschukars
2025,gpu7l6gjd2arfjea,gpu7l6gjd2arfjea,career:141b3a6ca39d1f4e,Nathan Shinn,L,L,P,,,,",",Active,40,idahofallschukars
2025,6y70gn40lmvd3ryo,6y70gn40lmvd3ryo,career:af1f013c87d3809d,Gabriel Vasquez,L,R,OF,75,205,,"Dallas, Texas",Active,46,idahofallschukars
2025,gv6qmawsshshmgat,gv6qmawsshshmgat,career:e58360686d9fdde9,Shane Spencer,R,R,RHP,75,180,2001-01-06,"Las Vegas, NV",Active,47,idahofallschukars
2025,36f9102l99hxycuq,36f9102l99hxycuq,career:addb5a84a158f984,Jacob Shanks,R,R,OF,72,185,1999-06-29,", --",Injured,48,idahofallschukars
2025,5vo3bpjggmbz3iyc,5vo3bpjggmbz3iyc,career:a9f5dfc5b1456923,Jorge Romero,R,R,RHP,71,205,2001-12-15,",",Inactive,88,idahofallschukars
2025,jhfddy45lomhwwmr,jhfddy45lomhwwmr,career:1b96b293923a450c,Logan Mercado,R,R,rhp,72,215,,",",Inactive,91,idahofallschukars
2025,79dpwesv13m94soc,79dpwesv13m94soc,career:ebd8c6d1344dc191,Reed Garland,R,R,RHP,,185,2001-09-12,",",Inactive,92,idahofallschukars
2025,fsyd7i7nlnp42jk8,fsyd7i7nlnp42jk8,career:58c73069ae9a3b31,Alejandro Espinoza,R,R,RHP,,180,2003-07-23,",",Inactive,93,idahofallschukars
2025,otfxqndd673stbzz,otfxqndd673stbzz,career:7f79ad885f5cf788,Caleb Reyes,R,R,RHP,72,210,2000-10-03,"Woodland Hills, California",Inactive,94,idahofallschukars
2025,jwjdh3z6aub2ztws,jwjdh3z6aub2ztws,career:e41c1549fef0c956,Dylan Porter,R,R,P,73,175,1998-02-18,"Richmond, CA",Inactive,95,idahofallschukars
2025,6a914ogdapq2tnbj,6a914ogdapq2tnbj,career:05875b19657e1dc3,Ramon Enriquez,R,R,C,,230,,",",Inactive,97,idahofallschukars
2025,zgo1m8ob0d4movdf,zgo1m8ob0d4movdf,career:335282ba59741415,Connor Butler,L,L,LHP,72,180,2000-04-22,,Inactive,99,idahofallschukars
2025,kriqcbrfzfr25mz8,kriqcbrfzfr25mz8,career:085d6419aba197e4,Kamron Willman,R,R,IF,75,,1998-02-25,,Active,2,missoulapaddleheads
2025,zhwvtt83h5dg97d9,zhwvtt83h5dg97d9,career:eb2e9150e0e10cc4,Colby Wilkerson,R,R,IF,70,,2001-05-09,,Active,3,missoulapaddleheads
2025,3ntziz6um92c2z1f,3ntziz6um92c2z1f,career:f572d9b2c2f748bc,Zac Lampton,R,L,P,,,2000-06-25,,Active,4,missoulapaddleheads
2025,vs3b4cxfhd5lhu4x,vs3b4cxfhd5lhu4x,career:1798bcdc8853bbbb,David Domis,L,L,P,,,,",",Inactive,5,missoulapaddleheads
2025,g0emdem5lxcil2s2,g0emdem5lxcil2s2,career:7475633b819e959b,Alec Sanchez,L,R,OF,,,1998-10-26,,Active,6,missoulapaddleheads
2025,larymvbb4jx0h5i5,larymvbb4jx0h5i5,career:7aaf184d81b91103,Roberto Pena,R,R,IF,73,,1996-06-11,,Active,7,missoulapaddleheads
2025,gj6w3ztw7zlm4y7g,gj6w3ztw7zlm4y7g,career:d7cb3ef9f81f6b17,Colin Gordon,R,R,IF,72,,1998-02-02,,Active,8,missoulapaddleheads
2025,cr6w7p1nq7frrdtt,cr6w7p1nq7frrdtt,career:d1a8013282a76e9f,Ryan Wentz,R,R,P,76,,2002-03-18,,Active,9,missoulapaddleheads
2025,0og3efda00vmey7r,0og3efda00vmey7r,career:77ede62a78d7e922,Noah Owen,L,R,P,76,200,2000-10-01,",",Active,11,missoulapaddleheads
2025,uo4zsqqzhrhala5g,uo4zsqqzhrhala5g,career:5643a11d962b33d9,Jeremy Piatkiewicz,R,R,IF,68,165,2002-04-26,",",Active,12,missoulapaddleheads
2025,i2n256ipvurz082x,i2n256ipvurz082x,career:1a3820ff8e7b12f2,Nich Klemp,R,R,C,,,2000-06-10,,Injured,13,missoulapaddleheads
2025,9oiv9xmbzm3nbrir,9oiv9xmbzm3nbrir,career:07c7f7b02f64f2e3,Dawson Day,L,L,P,72,,1998-10-12,,Active,15,missoulapaddleheads
2025,ye2uv5q9ocw9kc31,ye2uv5q9ocw9kc31,career:ab013f44f1ca74eb,Andrew Armstrong,L,L,P,74,,2002-05-03,,Active,16,missoulapaddleheads
2025,7hawkykz292el0ws,7hawkykz292el0ws,career:2a6581ce998f2591,Carlos Perez,R,R,C,,,2002-01-12,,Active,18,missoulapaddleheads
2025,ldy96obdqz56e59r,ldy96obdqz56e59r,career:e08e559e7c8590f7,Leyton Barry,L,R,OF,74,200,2000-07-18,",",Active,19,missoulapaddleheads
2025,6832c1e9w9iqu3kv,6832c1e9w9iqu3kv,career:65aedb5c7decbd43,Kishon Frett,R,R,OF,75,215,2002-01-14,",",Injured,20,missoulapaddleheads
2025,dys9nwsovxppppru,dys9nwsovxppppru,career:f2c62afe8b4797b5,Mike Rosario,L,L,OF,,,2000-07-22,,Active,21,missoulapaddleheads
2025,mki0euzl0gwuef79,mki0euzl0gwuef79,career:685e3596da8da0df,Matthew Sox,R,R,P,77,,1995-07-14,,Active,23,missoulapaddleheads
2025,l598fosvptezoca1,l598fosvptezoca1,career:ed4b5a43c0219ffb,Nick Bautista,R,R,P,75,200,2002-02-22,",",Active,25,missoulapaddleheads
2025,r7r66mcy437pfsys,r7r66mcy437pfsys,career:977290f1f24d4be6,Mark Timmins,R,R,P,75,,1998-05-12,,Injured,26,missoulapaddleheads
2025,3vg4tjj6lny5kazm,3vg4tjj6lny5kazm,career:6f66af2038a6dd9e,Taylor Smith,R,R,C,73,,2000-02-25,,Active,27,missoulapaddleheads
2025,mj5hsxa7wouo6kv6,mj5hsxa7wouo6kv6,career:d57b2e734b784b61,Brendan Beard,R,R,P,78,,2001-05-09,,Active,30,missoulapaddleheads
2025,y3vuu7pdahey0f27,y3vuu7pdahey0f27,career:88fb86dbd0e64424,Reece Fields,R,R,P,74,,2001-09-20,,Active,32,missoulapaddleheads
2025,spb6l7tt13vsnsb8,spb6l7tt13vsnsb8,career:67145ba2d6c29f2c,Miguel Alba,R,R,P,72,205,1999-08-25,",",Injured,33,missoulapaddleheads
2025,i3znim1lit74t45s,i3znim1lit74t45s,career:8bece398c202b6e6,Michael Peterson,R,R,P,,,1998-07-21,,Injured,38,missoulapaddleheads
2025,256j63mgeotlic6q,256j63mgeotlic6q,career:655f62c0c389fa98,Arman Sabouri,R,L,P,,,1998-06-28,,Active,40,missoulapaddleheads
2025,mxtpm7jk84emumu1,mxtpm7jk84emumu1,career:f7d7b34295f1631d,Matthew Taubensee,S,L,P,77,240,2000-01-20,",",Active,45,missoulapaddleheads
2025,ov202no2zh1hpe7l,ov202no2zh1hpe7l,career:33d074ed01d48e61,Adam Fogel,R,R,OF,77,,1998-09-02,,Active,55,missoulapaddleheads
2025,lyu9r3qltvl4sakk,lyu9r3qltvl4sakk,career:d12299531a5588d0,Pablo Garabitos,L,L,P,73,170,2000-07-30,",",Inactive,80,missoulapaddleheads
2025,x09u7swmwtchs868,x09u7swmwtchs868,career:d9bda571a280510b,Christian Ciuffetelli,R,R,OF,,,1999-12-27,,Inactive,81,missoulapaddleheads
2025,q6uzkfchftiqcdak,q6uzkfchftiqcdak,career:25bc3b8e08022b20,Henry Strmecki,R,R,OF,,,,,Inactive,82,missoulapaddleheads
2025,g3wjwlecct6ox086,g3wjwlecct6ox086,career:c4d15f67243bc8cc,Jonathan Largaespada,R,R,P,,,2002-06-07,,Inactive,91,missoulapaddleheads
2025,9w5vphovxfy25l9j,9w5vphovxfy25l9j,career:443386d35ea26c8d,Jake Dixon,L,L,P,76,210,2000-07-05,",",Inactive,93,missoulapaddleheads
2025,4x29r1vrsjqx8lst,4x29r1vrsjqx8lst,career:b8e1e8a6877c2223,Nick Parker,R,R,P,,,1999-10-17,,Inactive,94,missoulapaddleheads
2025,vguvijqgyh6griyo,vguvijqgyh6griyo,career:bdc877112390d1c2,McGwire Holbrook,R,R,C,,,2001-10-04,,Inactive,95,missoulapaddleheads
2025,4lna33fk1h1y6kic,4lna33fk1h1y6kic,career:da8902faf0c60c13,Robert Chesney,R,R,C,71,194,,",",Inactive,96,missoulapaddleheads
2025,m7t5yknk5x6nt6ik,m7t5yknk5x6nt6ik,career:cfd59f73460a6d8e,Julien Hernandez,R,R,P,73,195,2002-05-12,",",Inactive,98,missoulapaddleheads
2025,n0cpvp5xj7zy2sx8,n0cpvp5xj7zy2sx8,career:4a2e8e50f8294a19,Cale Mathison,R,R,P,,,2001-04-12,,Inactive,99,missoulapaddleheads
2025,q001ut2ui4rmms1q,q001ut2ui4rmms1q,career:9942f4fed7101fa4,Tyler Lozano,R,R,C,72,185,2000-04-26,"Stockton, CA",Active,2,oaklandballers
2025,cfetr828oix8pp6g,cfetr828oix8pp6g,career:52ca825a7293cd9d,Tremayne Cobb Jr.,R,R,INF,73,195,2001-09-17,"Upper Marlboro, MD",Active,3,oaklandballers
2025,vkeltex4ceuf8kjs,vkeltex4ceuf8kjs,career:4834688b74cdd6a9,Daniel Harris IV,R,R,INF,72,195,1999-07-21,"Stone Mountain, GA",Active,4,oaklandballers
2025,8phcki62wnpcaou7,8phcki62wnpcaou7,career:fff8e30c8a329bf4,Dillon Tatum,R,R,C,72,220,2000-05-24,"Stockton, CA",Active,7,oaklandballers
2025,dxjy6m5jjujh17ba,dxjy6m5jjujh17ba,career:f2388398fa2a39b7,Michael O'Hara,R,R,OF,72,195,2001-05-27,"Danville, CA",Active,8,oaklandballers
2025,4woeenyn10mjj560,4woeenyn10mjj560,career:9b1624c53023d559,Esai Santos,L,R,INF,72,170,2000-11-04,"Berkeley, CA",Active,9,oaklandballers
2025,6c0kdp98jaqljb7a,6c0kdp98jaqljb7a,career:8d0dc6087d3b4fd3,Caleb Franzen,L,L,P,75,208,2001-06-10,"West Linn, OR",Active,10,oaklandballers
2025,hb4w8pl6p2jubt8w,hb4w8pl6p2jubt8w,career:1bb6c5a86da3fcde,Davis Drewek,L,R,UTL,75,195,2001-03-04,"Katy, TX",Active,11,oaklandballers
2025,0bfeemnqzdz9of4k,0bfeemnqzdz9of4k,career:18dc6b423c9a92b1,Jake Allgeyer,S,R,INF,72,200,2002-01-22,"Channahon, IL",Active,13,oaklandballers
2025,o790upgfabmye2xm,o790upgfabmye2xm,career:5256c29eca2b0126,Zach St. Pierre,R,R,P,71,185,1998-02-16,"Allen, TX",Active,14,oaklandballers
2025,ndqc0h3j170spypq,ndqc0h3j170spypq,career:46657ed3094e0b4b,Cam Bufford,R,R,INF,75,195,2001-08-29,"Chicago, IL",Active,15,oaklandballers
2025,fbxr8h7x2x88237t,fbxr8h7x2x88237t,career:86a99ac776b97932,Carson Lambert,R,R,P,76,200,1999-09-02,"Thousand Oaks, CA",Inactive,16,oaklandballers
2025,bdpo3jmoi06jt088,bdpo3jmoi06jt088,career:9e44814124d5b6d9,Reed Butz,R,L,P,74,190,1998-11-16,"Rockford, IL",Active,17,oaklandballers
2025,3j7x569g0zzn71xu,3j7x569g0zzn71xu,career:6b07cfbee27f137e,Dylan Delvecchio,R,R,P,72,195,2001-06-09,"San Marcos, CA",Active,18,oaklandballers
2025,rqibaab795yyg29r,rqibaab795yyg29r,career:46e047c6244a9929,Darryl Buggs,R,R,OF,72,179,2002-06-09,"Atlanta, GA",Active,19,oaklandballers
2025,am7czikji3iecp9k,am7czikji3iecp9k,career:920f215fd2f16d5e,Connor Sullivan,R,R,P,77,175,2001-07-04,"Martinez, CA",Active,21,oaklandballers
2025,c5esa8hh1lsqa7mx,c5esa8hh1lsqa7mx,career:a6b4865523c340f6,Malik Binns,R,R,P,,,1999-01-15,,Active,22,oaklandballers
2025,ctm99vma4pub5ygl,ctm99vma4pub5ygl,career:ae66182a7512e5aa,Nick Leehey,R,R,INF,71,200,2003-02-07,"Newbury Park, CA",Protected,23,oaklandballers
2025,xvp492b8hghzk3rv,xvp492b8hghzk3rv,career:0f3ab9cf370a334f,Adam Bogosian,R,R,P,75,210,2002-08-26,"Brooklyn, NY",Active,26,oaklandballers
2025,tvsz1zdlkr5ovk4g,tvsz1zdlkr5ovk4g,career:255b44c71e75f2bd,Lou Helmig,L,R,OF,77,198,2003-05-01,"Paderborn, GER",Active,28,oaklandballers
2025,edtt17c787jdojxm,edtt17c787jdojxm,career:38ed74bb3e65af7c,Christian Almanza,L,L,INF,76,220,2000-05-02,"Stockton, CA",Active,29,oaklandballers
2025,fn6q5xw1akfmybzq,fn6q5xw1akfmybzq,career:dd2c7f8a3c834c44,Noah Millikan,R,R,P,77,220,2003-02-04,"Berkeley, CA",Active,30,oaklandballers
2025,r7tge2w4uec8dirz,r7tge2w4uec8dirz,career:895cccfe618404b3,James Colyer,R,R,P,75,225,1999-04-04,"Hayward, CA",Active,32,oaklandballers
2025,aq39mrmkzq7s2t8f,aq39mrmkzq7s2t8f,career:96f5a7e962d41e45,Dylan Matsuoka,R,R,P,71,185,2000-09-30,"Sammamish, WA",Injured,33,oaklandballers
2025,a8k7z5bbeuii76ei,a8k7z5bbeuii76ei,career:1eed28e0927ec30d,Conner Richardson,R,R,P,76,239,2000-04-19,"Grand Forks, ND",Active,35,oaklandballers
2025,y93tig5ow0mslgob,y93tig5ow0mslgob,career:aea70ccee05b1976,Luke Short,L,L,P,73,205,2000-09-02,"San Jose, CA",Active,39,oaklandballers
2025,zlbw9ouhxg6rh8jy,zlbw9ouhxg6rh8jy,career:e74c615b08b2ab4a,Brody Eglite,R,R,P,74,230,2001-06-17,"Martinez, CA",Injured,40,oaklandballers
2025,ah5xs6ri7rw1as3k,ah5xs6ri7rw1as3k,career:c8bfcc475de6e26d,Gabe Tanner,R,R,P,77,225,2001-10-06,"Danville, CA",Active,56,oaklandballers
2025,0bcqaivsi08d7rjn,0bcqaivsi08d7rjn,career:b199433f2183b7c6,Tommy Ventimiglia,R,R,P,76,215,2003-10-01,"Coram, NY",Inactive,83,oaklandballers
2025,k6xc1o1a5qbk8m8d,k6xc1o1a5qbk8m8d,career:1f7cdaf70bbbb5cd,Tyler Best,R,R,UTIL,,,,,Inactive,85,oaklandballers
2025,n7rj1d8uvzcfcdrc,n7rj1d8uvzcfcdrc,career:51180ea6d6c5970c,Tanner Shears,R,R,P,,,,",",Inactive,86,oaklandballers
2025,6mwj52gn2cuq9bsy,6mwj52gn2cuq9bsy,career:6006197906eda602,Andrew Silva,R,R,P,,,,,Inactive,87,oaklandballers
2025,b8zstqntejn7kuv8,b8zstqntejn7kuv8,career:42262b2f0dcfea0f,Pat Monteith,R,R,UTL,74,225,2001-10-02,"Charleston, SC",Inactive,89,oaklandballers
2025,uw2qjvqi611w450j,uw2qjvqi611w450j,career:e6478a6e2f1637fe,Ryan Pierce,R,R,INF,,,2002-01-14,",",Inactive,90,oaklandballers
2025,i0frce73dh78du8d,i0frce73dh78du8d,career:018015fcadcec181,Sean Kelby,R,R,P,,,2000-05-05,",",Inactive,92,oaklandballers
2025,bi5v30qqb8c0al9h,bi5v30qqb8c0al9h,career:4b80f023fb8fe208,Alec Rodriguez,R,R,P,72,180,2001-05-03,"Cherry Hill, NJ",Inactive,93,oaklandballers
2025,amadctqyi8ay1x2y,amadctqyi8ay1x2y,career:2d701c98b8a2543f,Ethan Paulson,R,R,P,75,210,2000-05-10,"Encinitas, CA",Inactive,97,oaklandballers
2025,s7c5mj1maznkavna,s7c5mj1maznkavna,career:c9d5d4eb5f823266,Marques Titialii,R,R,OF,71,205,1998-10-21,"Seattle, WA",Inactive,98,oaklandballers
2025,yfzi8d19ru2ax7cq,yfzi8d19ru2ax7cq,career:0ade104fa0cc83ef,Mac Lardner,R,L,P,76,195,1997-12-29,"Templeton, CA",Inactive,99,oaklandballers
2025,9q1k717lk7j464id,9q1k717lk7j464id,career:e945ce913d56450d,Cole Jordan,R,R,2B,70,193,,", --",Active,3,ogdenraptors
2025,9qqcg8pfi1k3lutk,9qqcg8pfi1k3lutk,career:c29eb33135b15997,Carmine Lane,R,R,INF,72,200,2001-03-28,",",Active,5,ogdenraptors
2025,nzk8hsdyk942w4il,nzk8hsdyk942w4il,career:19e6ec0ed2a367c3,Jonah Montes,,,RHP,,,2003-08-26,",",Injured,6,ogdenraptors
2025,6v30q76vz40jw500,6v30q76vz40jw500,career:ef81fe2b0ec4acdd,Bradley Pelle,R,R,OF,,,,",",Active,8,ogdenraptors
2025,lplhymzwla5ss976,lplhymzwla5ss976,career:fed21150fb1e5502,Denver Blinn,R,R,INF,,,1998-10-15,",",Inactive,9,ogdenraptors
2025,wsh61s805q6qjf9d,wsh61s805q6qjf9d,career:4c2132a357ee0785,Kyler Stancato,L,L,OF/LHP,,,2002-03-29,",",Active,10,ogdenraptors
2025,txy0ymhpome1tyqy,txy0ymhpome1tyqy,career:8d3810cd31d31146,Nico Saltaformaggio,R,R,P,72,200,2002-08-22,",",Active,12,ogdenraptors
2025,dn2m7hyta64h6zhr,dn2m7hyta64h6zhr,career:2bf51f14955af1f3,Jestin Jones,R,R,RHP,,,2000-06-22,",",Injured,13,ogdenraptors
2025,9j3zj6n5mgirzo8j,9j3zj6n5mgirzo8j,career:2f152d62aeea3db7,Cameron Edmonson,R,L,LHP,69,175,,"Rochester, IL",Active,14,ogdenraptors
2025,xlw0hdlmv20gp99l,xlw0hdlmv20gp99l,career:17ba53871482e204,Alain Lopez,,,"1,650.00",,,,",",Active,15,ogdenraptors
2025,aq1p04fletl2bk58,aq1p04fletl2bk58,career:6559f498d7a584a5,Cole Stasio,R,R,RHP,,,,",",Active,16,ogdenraptors
2025,mvh1djyx798xz4iy,mvh1djyx798xz4iy,career:a2ca1c3351a05cc7,Chase Chatman,L,L,LHP,72,195,,"Cape Coral, Florida",Active,17,ogdenraptors
2025,35vn5zad00caep5d,35vn5zad00caep5d,career:bc63074bbcd46b7f,Kenneth Oyama,L,L,OF,64,150,1999-03-22,",",Active,18,ogdenraptors
2025,z4y096p6pky6s8yq,z4y096p6pky6s8yq,career:8ca80d5edea8661f,Dylan Wilkinson,L,R,INF,,,2000-11-30,"Fairfax, VA",Active,21,ogdenraptors
2025,izzcunrxsob3uzsl,izzcunrxsob3uzsl,career:5be828e2eadac19a,Connor Bagnieski,L,R,INF,71,190,,",",Active,22,ogdenraptors
2025,q7i15vtesdn3xogp,q7i15vtesdn3xogp,career:008342c4bb29c9c0,Damian Stone,R,R,OF,,,2002-04-25,",",Active,23,ogdenraptors
2025,x48qddat3kfcp32c,x48qddat3kfcp32c,career:a4ab782d8db80e7d,Carson Tucker,,,INF,,,2002-01-24,",",Injured,26,ogdenraptors
2025,mq0bxpcyv21s6u2h,mq0bxpcyv21s6u2h,career:227cba6c07000287,Eli Elliott,R,R,RHP,,,2001-02-28,",",Active,27,ogdenraptors
2025,pqn7yvx3ifey0a7p,pqn7yvx3ifey0a7p,career:25b864a872d23cd8,True Fontenot,R,R,IF,,180,,", --",Active,28,ogdenraptors
2025,avtjuis3i1gvxpaj,avtjuis3i1gvxpaj,career:ecb361b529948784,Elliot Good,R,R,SS,74,205,2001-04-13,", --",Active,29,ogdenraptors
2025,3zmnv3ngamkuhzmz,3zmnv3ngamkuhzmz,career:6142021143a5ce1d,Christian Ciuffetelli,R,R,RHP,,,1999-12-27,",",Injured,30,ogdenraptors
2025,524kzci55de2dnk5,524kzci55de2dnk5,career:e2a7bc252f8df09b,Jose Moreno,,,RHP,,,,",",Active,35,ogdenraptors
2025,ilcav8vpdvj31w26,ilcav8vpdvj31w26,career:7717ec7387847f41,Christopher Sargent Jr.,R,R,C,71,185,2000-07-11,", --",Inactive,37,ogdenraptors
2025,7yutsjgs43de04gj,7yutsjgs43de04gj,career:5d492fd485e891f0,Dylan Gardner,R,R,RHP,,,2001-10-15,",",Active,38,ogdenraptors
2025,x73i49e9u89f8wme,x73i49e9u89f8wme,career:22590797e1ceb22b,Christian Griffin,R,R,RHP,76,250,,"Stone Mountain, GA",Active,44,ogdenraptors
2025,lyk3vmygdlfm64gj,lyk3vmygdlfm64gj,career:7a387f2f9928a791,Walker Hultgren,R,R,RHP,,,2002-05-30,",",Active,46,ogdenraptors
2025,82zpqu0yfimz1pgo,82zpqu0yfimz1pgo,career:6e4880878b914294,Shane Gustafson,R,R,RHP,77,190,1998-10-10,",",Active,47,ogdenraptors
2025,aygzk8gh8epsverm,aygzk8gh8epsverm,career:9a0954334e88e8ee,Charles Updegrave,L,R,INF,,,1999-09-24,",",Inactive,50,ogdenraptors
2025,1qw6v9a3lpduly8n,1qw6v9a3lpduly8n,career:19725de54641943c,Rolando Gutierrez Rosario,L,L,LHP,,,2002-04-06,",",Inactive,54,ogdenraptors
2025,3eewb16oad3p1dn1,3eewb16oad3p1dn1,career:74c20048ee02ec1f,Nik Cardinal,L,R,RHP,,,,",",Active,55,ogdenraptors
2025,da5kucfnfjbt7dj7,da5kucfnfjbt7dj7,career:39688b6c955fe25d,Nick Agacki,R,R,P,,,2001-10-03,",",Injured,56,ogdenraptors
2025,cq5di9ec8cn38hix,cq5di9ec8cn38hix,career:cdd0229f30f31433,Mitchell Torres,L,L,LHP,,,2002-08-09,",",Inactive,75,ogdenraptors
2025,6owifwybkmbeokvb,6owifwybkmbeokvb,career:ff1827bb222ae483,Jacob Walsh,R,R,RHP,,,1995-07-20,",",Inactive,76,ogdenraptors
2025,kei0jroh3l9zb9px,kei0jroh3l9zb9px,career:f6fdb326ba3c1c9d,Sebastian Greico,R,R,INF,,,2001-03-28,",",Inactive,77,ogdenraptors
2025,j8wezol4xfgdosip,j8wezol4xfgdosip,career:6f46a5777f8846f9,Sean Wiese,R,R,LHP,,,2001-07-02,",",Inactive,78,ogdenraptors
2025,87axdklthb13aqm0,87axdklthb13aqm0,career:0a01836aea5dbaf4,Ryan Sleeper,L,L,LHP,76,225,,"Lakeville, Minnesota",Inactive,79,ogdenraptors
2025,a0mb77nv68tfz3tc,a0mb77nv68tfz3tc,career:13f42eeee6c65dac,Kyle Lewis,R,R,RHP,76,215,2002-10-02,"Ashburn, VA",Inactive,80,ogdenraptors
2025,ogrcluec913c9vlp,ogrcluec913c9vlp,career:788e30bd2949e95d,Evan Blum,L,R,1B/OF/C,72,210,1999-07-14,"Bethesda, Maryland",Inactive,81,ogdenraptors
2025,hh1byvd1j6gu6wmv,hh1byvd1j6gu6wmv,career:95600e81b71e71c3,Ryan Dusang,R,R,RHP,,,2001-10-15,",",Inactive,82,ogdenraptors
2025,7d5z57qsl9quun7s,7d5z57qsl9quun7s,career:7a10c35b04108529,Brayden Bonner,R,R,RHP,,,1997-11-20,",",Inactive,83,ogdenraptors
2025,vgoo1ni0ejfnri4z,vgoo1ni0ejfnri4z,career:37a27d5e1cdf18f6,Edwin De La Cruz,R,R,INF,,,2002-12-28,",",Inactive,84,ogdenraptors
2025,tqy033lnxe7bqfpy,tqy033lnxe7bqfpy,career:6ef60df9893455a9,Shawn Triplett,R,R,RHP,,,1999-12-27,", --",Inactive,85,ogdenraptors
2025,hwzo539b3rwgxm7a,hwzo539b3rwgxm7a,career:e27360030812014a,Matthew Colucci,R,R,RHP,74,215,1999-06-18,"Amherst, NJ",Inactive,86,ogdenraptors
2025,bmc9x89sa3o9bhjk,bmc9x89sa3o9bhjk,career:ec18a463f6458d4f,Bryson Van Sickle,L,L,LHP,,,2001-01-04,",",Inactive,87,ogdenraptors
2025,sttvnw2ku694z6as,sttvnw2ku694z6as,career:d7b2fe6e197511ec,Nate Boyle,R,R,RHP,,,,",",Inactive,88,ogdenraptors
2025,otyzmj2mq669346w,otyzmj2mq669346w,career:1f5039a84510393b,Miguel Hernandez,R,R,RHP,,,2002-10-01,",",Inactive,89,ogdenraptors
2025,60qxnaatpt55ldfs,60qxnaatpt55ldfs,career:09c37d99dc6981b2,Ethan Stephens,R,R,RHP,,,2002-06-26,",",Inactive,92,ogdenraptors
2025,xx2poxkuqfx1i9d8,xx2poxkuqfx1i9d8,career:02dd7ab180d9a73b,Samuel Bass,R,R,RHP,73,245,2001-11-02,"Berkley Heights, NJ",Inactive,93,ogdenraptors
2025,t3lk8kr32zviwxa9,t3lk8kr32zviwxa9,career:e34564aed331f791,Maikol Perez,R,R,OF,,,,",",Inactive,94,ogdenraptors
2025,2a5ryikpzgtrkjfj,2a5ryikpzgtrkjfj,career:182b9e8277ef6688,Brett Erwin,R,R,RHP,,,1998-12-09,",",Inactive,95,ogdenraptors
2025,enpbh9run15ybwt2,enpbh9run15ybwt2,career:68ba335f3a70f2c8,Adiran Santa Cruz Santa Cruz,R,R,RHP,,,2000-07-02,",",Inactive,96,ogdenraptors
2025,x4a3zywfg1kuvn6a,x4a3zywfg1kuvn6a,career:881088c0bb4b2068,Carter Mize,L,L,IF,,,1998-05-24,", --",Inactive,99,ogdenraptors
2025,npyuuhwuub8olldk,npyuuhwuub8olldk,career:18b8264b45f6b5c5,Ty Dooley,L,R,INF,,,,,Active,3,rockymountainvibes
2025,lhqkmcsiryxkt4zl,lhqkmcsiryxkt4zl,career:9baa60cce85edd65,Thomas Peltier,L,L,LHP,74,190,2001-04-28,,Active,4,rockymountainvibes
2025,g6y7ljctgpajmcgu,g6y7ljctgpajmcgu,career:34c58d631f0e7d78,Hank Himrich,L,R,OF,,,,,Active,5,rockymountainvibes
2025,x8r6n22qj9009w87,x8r6n22qj9009w87,career:2026b3d15ca50a6c,Tristin Garcia,L,R,INF,65,180,2000-06-12,"Louisville, KY",Active,6,rockymountainvibes
2025,u5obcvsxszazzd7q,u5obcvsxszazzd7q,career:7854ed22d352cc7c,Hunter Bryan,R,R,RHP/INF,72,195,2001-02-22,"Visalia, CA",Active,7,rockymountainvibes
2025,kj52okpii7s3iadf,kj52okpii7s3iadf,career:758676c4fec56957,Carter Booth,R,R,OF,72,187,1999-06-15,"Oregon City, OR",Active,8,rockymountainvibes
2025,tjwzc7zq0m4py5qo,tjwzc7zq0m4py5qo,career:5f8e6d84a78681ec,Ernie Yake,L,R,INF,,,1997-11-20,,Inactive,9,rockymountainvibes
2025,kr2z7gkoqjy1jhkl,kr2z7gkoqjy1jhkl,career:c0079a7d21607b8a,Nate Varnier,L,L,LHP,,,,,Active,10,rockymountainvibes
2025,hmixp7jl18hrep3a,hmixp7jl18hrep3a,career:5d182b0b6152b36c,Brendan Konal,L,L,LHP,,,,,Active,11,rockymountainvibes
2025,fzfduce250h6dagk,fzfduce250h6dagk,career:e0ddae3c40df1534,Garrett Kueber,R,R,INF,69,185,1996-09-26,"Clarksville, TN",Active,13,rockymountainvibes
2025,6zb5mtc4kjbh354z,6zb5mtc4kjbh354z,career:28b81e18adde5601,Gabriel Courtright,R,R,RHP,,,,,Active,18,rockymountainvibes
2025,mksp2x9l34lyh7sa,mksp2x9l34lyh7sa,career:a619994425ad120f,Hunter Belton,R,R,RHP,,,,,Active,19,rockymountainvibes
2025,mcj0qwnje8g2h3du,mcj0qwnje8g2h3du,career:d1cdef4b58a2430a,Nick Powers,R,L,LHP,73,200,2001-05-12,"Flushing, MI",Active,20,rockymountainvibes
2025,2rlq2219lcuet2nz,2rlq2219lcuet2nz,career:ec221583934095f2,Sam Linscott,R,R,OF,75,215,1998-04-09,"Marysville, WA",Active,22,rockymountainvibes
2025,6adnrav00fetslox,6adnrav00fetslox,career:5376a03e9f9b8232,Joskar Feliciano,R,R,C,,,,,Active,23,rockymountainvibes
2025,0cuac12goo7m3qmw,0cuac12goo7m3qmw,career:65019fe518838f68,Wyatt Tucker,R,R,RHP,75,215,2002-03-09,"Nacogdoches, TX",Active,24,rockymountainvibes
2025,8sztyx273j3v7ziw,8sztyx273j3v7ziw,career:b5d3c0fd56e3f586,Trey Morrill,R,R,RHP,,225,1999-11-11,"Loma, CO",Active,25,rockymountainvibes
2025,23cj18kx5kuow7bo,23cj18kx5kuow7bo,career:b9ad044bc95c8111,Matt Hickey,L,L,LHP,,,,,Active,26,rockymountainvibes
2025,4orhvl3m18tpom6d,4orhvl3m18tpom6d,career:0fa4b8193bc90b00,Gary Lora Gonzalez,R,R,INF,76,230,1999-07-03,"Orlando, FL",Active,27,rockymountainvibes
2025,jkhyj03ouuq9t3je,jkhyj03ouuq9t3je,career:2bb0b157f9df2710,Dane Tofteland,R,R,INF,,190,,"Grand Prairie, AB",Active,28,rockymountainvibes
2025,in1bvij8kkwhrw8h,in1bvij8kkwhrw8h,career:e74092d8d2ad03a7,Kellum Clark,L,R,OF,,205,2001-04-21,"Jackson, MS",Active,29,rockymountainvibes
2025,sg8rwt49y0pixaj9,sg8rwt49y0pixaj9,career:1034312abc9d8323,Evan Kowalski,R,R,RHP,74,200,1998-11-13,"Ocala, FL",Active,31,rockymountainvibes
2025,hws9et3bwuwb0ct3,hws9et3bwuwb0ct3,career:993de746b9daf08c,Tim Hanible,R,R,UTL,,,,,Active,33,rockymountainvibes
2025,o5fu9y7u3ifzg3uf,o5fu9y7u3ifzg3uf,career:bb9bb62172a6c003,Austin Chouinard,R,R,C,73,215,1998-07-30,"Chandler, AZ",Active,34,rockymountainvibes
2025,2lqgba1dabjugqfg,2lqgba1dabjugqfg,career:d226defa1fa96ce5,Alonzo Zuniga,R,R,C,69,220,2000-12-17,"Covina, CA",Active,35,rockymountainvibes
2025,u92j3eijj0uy66k8,u92j3eijj0uy66k8,career:b7b01611c4f5e427,Quinn Waterhouse,L,L,LHP,,,,,Active,36,rockymountainvibes
2025,gwpom2pu3bexcmwi,gwpom2pu3bexcmwi,career:9901b97e04a213ac,Cregg Scherrer,L,L,LHP,,180,2001-06-18,"Orlando, FL",Inactive,55,rockymountainvibes
2025,0ft9lg3nvo4ujr2t,0ft9lg3nvo4ujr2t,career:ea06063f042ee90d,Malik Binns,R,R,RHP,,240,1999-01-15,"Chicago, IL",Inactive,60,rockymountainvibes
2025,kvm0j4rqnk9wkje0,kvm0j4rqnk9wkje0,career:814c4958880814a6,John Walsh,L,L,LHP,,,1999-10-02,,Inactive,61,rockymountainvibes
2025,y7c9e2ksnigp7y4v,y7c9e2ksnigp7y4v,career:a5035bcf4e31ce68,Caden Kratz,R,R,RHP,,225,1999-09-13,"Mason City, IA",Inactive,66,rockymountainvibes
2025,87x325wi9o39fhyp,87x325wi9o39fhyp,career:d52740ba75ce1eea,Andrew Duran,R,R,,,,2000-11-25,,Inactive,69,rockymountainvibes
2025,m0y0be7y3fwxu60f,m0y0be7y3fwxu60f,career:39672680af69f8b1,Peter Fusek,R,R,RHP,,,2000-09-15,,Inactive,71,rockymountainvibes
2025,ospawevye4ncs3mb,ospawevye4ncs3mb,career:4a4d06cc60b8b1e7,Alex Adams,R,R,INF,,215,2000-02-24,"Wildwood, MO",Inactive,72,rockymountainvibes
2025,7qv5tl8heb5ypemy,7qv5tl8heb5ypemy,career:4e719f5332013f69,Skyler Manelski,R,R,RHP,,,,,Inactive,73,rockymountainvibes
2025,omscxc4deyyxusvd,omscxc4deyyxusvd,career:99d7ca6e027e0829,Gabe White,L,L,,,200,2001-02-22,"Toccoa, GA",Inactive,74,rockymountainvibes
2025,ig9dxi307x418sgn,ig9dxi307x418sgn,career:c8af25f5cdb3b959,Hunter Edwards,R,R,RHP,,,2003-07-09,,Inactive,75,rockymountainvibes
2025,oyz2jzuyvqz3hii7,oyz2jzuyvqz3hii7,career:1224038d7759c34e,Joseph Stagowski,R,R,OF,,,2003-02-11,,Inactive,77,rockymountainvibes
2025,24hv35ugj79gq9pq,24hv35ugj79gq9pq,career:c015bea9323a5367,Kelvin Perez,R,R,RHP,,,,,Inactive,78,rockymountainvibes
2025,32psm5ey4qzxszng,32psm5ey4qzxszng,career:991b0ff72b2fcf50,Gavin Brasosky,L,L,LHP,,,2002-09-26,,Inactive,79,rockymountainvibes
2025,fqu82j6ptw1sgi84,fqu82j6ptw1sgi84,career:b70acf88843721a9,Otto Jones,R,R,C,,180,2001-05-14,"Arvada, CO",Inactive,80,rockymountainvibes
2025,a8xr9cwa5mz2qe6i,a8xr9cwa5mz2qe6i,career:0c9754ec7e6be799,Stephen Wilmer,S,L,OF/LHP,,200,2000-02-29,"Sarasota, FL",Inactive,81,rockymountainvibes
2025,ckblmdcdtp1c2039,ckblmdcdtp1c2039,career:a6750dcb38bb42fd,Arnad Mulamekic,L,L,LHP,,,2003-07-24,,Inactive,83,rockymountainvibes
2025,qxdm87vhxw3s16s7,qxdm87vhxw3s16s7,career:94cfeb9691827228,Will Butcher,R,R,INF/OF,,229,2000-09-27,"Asheville, NC",Inactive,84,rockymountainvibes
2025,4i88huqstwdktww3,4i88huqstwdktww3,career:74fc9f3fa2388f1d,Nyan Hernandez,L,R,RHP,,,2001-07-11,,Inactive,85,rockymountainvibes
2025,z7okxfysam8iitqx,z7okxfysam8iitqx,career:ca9b3a1da5d23bd4,Chase Gockel,R,R,RHP,,,2000-01-01,,Inactive,86,rockymountainvibes
2025,qrlirisvpqm5ofni,qrlirisvpqm5ofni,career:e7c9c9d19d0cf1d0,Cole Stallings,R,R,RHP,74,210,2002-06-19,,Inactive,87,rockymountainvibes
2025,yxl00q29qpqkfo35,yxl00q29qpqkfo35,career:4439c544d45380ec,Jordan Destefano,R,R,RHP,,,2000-03-26,,Inactive,88,rockymountainvibes
2025,6hhgg0h2i5hghbxg,6hhgg0h2i5hghbxg,career:12b04c5bbda2cba6,C.J. Backer Jr.,R,R,RHP,,,2001-10-05,,Inactive,89,rockymountainvibes
2025,ghm09i6tfggvalui,ghm09i6tfggvalui,career:38a1556538bd61d0,Christian Pregent,R,R,C,,210,2000-12-26,"Syracuse, NY",Inactive,90,rockymountainvibes
2025,dqdbqmqxdvguj8et,dqdbqmqxdvguj8et,career:459a4a16d1ec851a,Caleb Strack,L,L,LHP,,206,2001-05-14,"Little Falls, MN",Inactive,91,rockymountainvibes
2025,1ejgcic4i3udrajx,1ejgcic4i3udrajx,career:12d08da3bceda48f,Doug Olcese,L,L,LHP,,,1997-02-27,,Inactive,92,rockymountainvibes
2025,39goyxakrenquwyq,39goyxakrenquwyq,career:92731edb6555050b,Jason Bollman,R,R,RHP,,,2000-05-01,,Inactive,93,rockymountainvibes
2025,lzwglsa4bugp86r4,lzwglsa4bugp86r4,career:47fb191f8cfa62d0,Sean Cheely,S,L,OF,,,,,Inactive,94,rockymountainvibes
2025,xrc9k8nd0osqtpo0,xrc9k8nd0osqtpo0,career:2137f082c22e4da8,Riley Phillips,L,L,LHP,,200,2002-01-09,"Alton, IL",Inactive,95,rockymountainvibes
2025,3ixk4k6vd9u849wp,3ixk4k6vd9u849wp,career:a0c7e0d817e741be,Nick Pazos,R,R,RHP,,,2000-12-25,,Inactive,96,rockymountainvibes
2025,k53732cztf43sx3s,k53732cztf43sx3s,career:c69543516e23f1be,Kerry Wright,R,R,RHP,,250,2000-09-08,"Kuwait City, Kuwait",Inactive,97,rockymountainvibes
2025,q1ropergm6l670vb,q1ropergm6l670vb,career:b4d635b57911e4bd,Osvaldo Morel,R,R,RHP,,195,2001-06-17,"Mao, Dominican Republic",Inactive,98,rockymountainvibes
2025,r7j33yq4xjbwsy5f,r7j33yq4xjbwsy5f,career:4943e51b68699dca,Anthony Imhoff,L,L,,,190,2001-10-03,"Chandler, AZ",Inactive,99,rockymountainvibes
2025,yhhyudzre3ig7qms,yhhyudzre3ig7qms,career:7a3fd76d171f6084,Cooper Hext,L,L,OF,74,195,,"DeQuincy, LA",Active,4,yubasutterfreebirds
2025,fmsc2vh4bj22enfc,fmsc2vh4bj22enfc,career:cde1761ea7a094a0,Parker Coddou,L,R,SS,70,175,2002-04-04,"Paincourtville, LA",Injured,5,yubasutterfreebirds
2025,0sbtjyg8vfxeltfy,0sbtjyg8vfxeltfy,career:657a7408e0f7edc0,Connor Langrell,R,R,,76,220,2000-04-25,"Riverview, FL",Injured,6,yubasutterfreebirds
2025,1eqs1h6nejcyxaqn,1eqs1h6nejcyxaqn,career:d95f6b745cd162b8,Zach Voelker,R,R,P,,215,,"Granite Bay, CA",Active,7,yubasutterfreebirds
2025,nq85kiyuao3c4y7p,nq85kiyuao3c4y7p,career:bacb6e275f2c37f1,River Orsak,R,R,OF,70,200,,"Mont Belvieu, TX",Active,9,yubasutterfreebirds
2025,1xxf82lv0vbm6bwg,1xxf82lv0vbm6bwg,career:93138e5b43c83dd3,Otto Jones,R,R,C,70,180,,"Arvada, CO",Active,10,yubasutterfreebirds
2025,408wo7y8z2rup78z,408wo7y8z2rup78z,career:e2c5770eb9fa6969,Bobby Lada,R,R,SS,72,185,,"Richmond, TX",Active,11,yubasutterfreebirds
2025,yj8l2pz42t6wwvts,yj8l2pz42t6wwvts,career:fb0f98fc61633846,Scott Ellis,R,R,RHP,72,185,2002-06-04,"Glendora, CA",Active,14,yubasutterfreebirds
2025,hvj48f040libwl8e,hvj48f040libwl8e,career:56a9166ac13b14cc,Connor Denning,S,R,3B,71,205,1998-07-18,"Phoenix, AZ",Active,15,yubasutterfreebirds
2025,uy122ktwgzg5ekgi,uy122ktwgzg5ekgi,career:4b3da9394e645549,Jackson Zalasky,R,R,RHP,73,200,2000-09-16,"Elk Grove, CA",Active,17,yubasutterfreebirds
2025,htv1sa42oszy50fc,htv1sa42oszy50fc,career:0786dd1c15c056bf,Ty Buckner,R,R,P,,190,,"Rolla, MO",Active,18,yubasutterfreebirds
2025,qhr9fd04v9xxb6n4,qhr9fd04v9xxb6n4,career:f72f50bb9f065b01,Gio Brusa,S,R,OF/1B,74,230,,"Lodi, CA",Active,19,yubasutterfreebirds
2025,0o9u3ttxvvf8kbg6,0o9u3ttxvvf8kbg6,career:2249b53678fbde28,Mason Bryant,R,R,RHP,78,225,,"Austin, TX",Active,20,yubasutterfreebirds
2025,7m9qfxrbttryo0fv,7m9qfxrbttryo0fv,career:da9f3e00d7796221,Garrett Martin,R,R,,,230,,"Glenwood Springs, CO",Active,21,yubasutterfreebirds
2025,rxalgprfm9zt3b2g,rxalgprfm9zt3b2g,career:bda37b6c7590ba37,Brett Wozniak,L,L,LHP,72,210,,"Garden Grove, CA",Active,22,yubasutterfreebirds
2025,jjdhghvh9snef2bs,jjdhghvh9snef2bs,career:77742280f00ef92c,Andrew Garcia,R,R,RHP,70,190,,"Lancaster, CA",Active,23,yubasutterfreebirds
2025,blojflvfxnsp10ox,blojflvfxnsp10ox,career:235c2b8879e23f9b,Tyler Young,R,R,IF,,195,,"Doyletown, PA",Active,24,yubasutterfreebirds
2025,w4027yasi8i3vak2,w4027yasi8i3vak2,career:8a22e3d23edb2f74,Evan Berkey,R,R,,,185,,"Buffalo, NY",Active,25,yubasutterfreebirds
2025,bwdjsfidgvl5ln7y,bwdjsfidgvl5ln7y,career:7b5ae69a5fe7a6b7,Cole Cressend,R,R,RHP,75,200,,"Mandeville, LA",Active,27,yubasutterfreebirds
2025,nbdp20c3axi4k8j1,nbdp20c3axi4k8j1,career:4232c96b13041071,Logan Snow,R,R,P,,240,,"Belmont, CA",Active,28,yubasutterfreebirds
2025,8q6fzanav7r9oyr9,8q6fzanav7r9oyr9,career:07c65bfbe8a6ad23,Jonah Jenkins,R,R,RHP,74,195,,"Parker, CO",Active,30,yubasutterfreebirds
2025,7ylhjf9un1v68eyy,7ylhjf9un1v68eyy,career:4942615bb2b95d8d,Garret Pike,L,R,OF,74,190,,"Monclova, OH",Active,33,yubasutterfreebirds
2025,lwwp8l2xhq4f6ao2,lwwp8l2xhq4f6ao2,career:8e7f17d3b315412a,Cuba Bess,L,R,1B/C,74,230,,"Peoria, AZ",Active,34,yubasutterfreebirds
2025,ms7zw78i8x4pqfyc,ms7zw78i8x4pqfyc,career:b4d103dcc607832e,Mike Campagna,R,R,C,74,225,2001-03-12,"La Jolla, CA",Active,36,yubasutterfreebirds
2025,qpihhlzywvm1ifq8,qpihhlzywvm1ifq8,career:0080674491826839,Sam Drumheller,R,L,LHP,69,180,,"Tampa, FL",Active,37,yubasutterfreebirds
2025,vpoul1yqzhjrqe0y,vpoul1yqzhjrqe0y,career:ca9689c6159b10b7,Matthew Kavanaugh,L,L,LHP,75,185,2000-11-23,"Coral Springs, FL",Injured,38,yubasutterfreebirds
2025,sp7g2oc9mq1qzul1,sp7g2oc9mq1qzul1,career:9f02560f06f04f4d,Jack Martin,R,R,P,,195,,"Annandale, NJ",Active,47,yubasutterfreebirds
2025,fhhd1tizmysiycfi,fhhd1tizmysiycfi,career:26953b7725e12b1e,Andrew LaCour,R,R,,74,190,2001-12-06,"Walnut Creek, CA",Inactive,70,yubasutterfreebirds
2025,gwi1jo0wy0jbydxw,gwi1jo0wy0jbydxw,career:0ef95792e4991799,Ethan Bates,R,R,,70,188,2001-11-09,"Hot Springs, AR",Inactive,71,yubasutterfreebirds
2025,mhxlqekumgsaxo41,mhxlqekumgsaxo41,career:36626ddfbff0e97d,Randy Flores,S,R,OF,,180,2000-09-18,"New York, NY",Inactive,72,yubasutterfreebirds
2025,00p76ub5daxu37zt,00p76ub5daxu37zt,career:6a3d1d9e0aeb4689,Aaron Schaefer,R,R,,,180,,"Davie, FL",Inactive,73,yubasutterfreebirds
2025,zdg4ps9gcfsrd9y5,zdg4ps9gcfsrd9y5,career:e9c7c27e1325586d,Nate Madej,R,R,,73,215,1999-05-22,"Daphne, AL",Inactive,88,yubasutterfreebirds
2025,3886y5f9boyab6n6,3886y5f9boyab6n6,career:1ca500d61c2058bd,Christian Womble,R,R,RHP,72,210,2001-06-12,"Pittsfield, MA",Inactive,89,yubasutterfreebirds
2025,wlz8dp2iohnf9p9i,wlz8dp2iohnf9p9i,career:5b4a98385999e0cc,Landon Wallace,R,R,OF,74,185,2002-02-27,"Roseville, CA",Inactive,90,yubasutterfreebirds
2025,3ahvl1uhyxdfl7hl,3ahvl1uhyxdfl7hl,career:306b84120a9319eb,Brandon McPherson,R,R,,75,225,2000-03-23,"North Aurora, IL",Inactive,91,yubasutterfreebirds
2025,acd4kfl5a68c09lq,acd4kfl5a68c09lq,career:dea3dacce59f7bfd,Adam Juran,R,R,C,73,200,2001-01-29,"North Freedom, WI",Inactive,93,yubasutterfreebirds
2025,6smhfmt8evxiuzhl,6smhfmt8evxiuzhl,career:f24666b31f430ccb,Mark Hernandez,R,R,IF,71,190,2000-08-26,,Inactive,94,yubasutterfreebirds
2025,raa5ctbb9jusdhue,raa5ctbb9jusdhue,career:04a511e7cfcef128,Josh Duarte,R,R,UTL,69,187,,,Inactive,95,yubasutterfreebirds
2025,2ohwfrvcaecr1nt2,2ohwfrvcaecr1nt2,career:0fdd01414de41c09,Jayden Drake,R,R,RHP,72,210,2000-07-26,"Frisco, TX",Inactive,96,yubasutterfreebirds
2025,9oplh4bpt3t32s14,9oplh4bpt3t32s14,career:d62b7e3838bea2fc,Cole Calnon,R,R,RHP,70,180,,,Inactive,97,yubasutterfreebirds
2025,d8w9fyqrx0qq2jt0,d8w9fyqrx0qq2jt0,career:fd0c9637a5f4590b,Kris Anglin,L,L,LHP,71,170,2001-09-08,"Bakersfield, CA",Inactive,99,yubasutterfreebirds
2026,est4rkrt8d814jy2,est4rkrt8d814jy2,career:25dd83c1c9cea4fe,Kyle Micklus,L,R,C,69,195,2002-03-18,"Waller, TX",Injured,5,billingsmustangs
2026,uujsp0ot0j7oa9x2,uujsp0ot0j7oa9x2,career:1a659b07e32eeb1a,John McHenry,S,R,INF,,200,2001-06-18,"Ridgecrest, CA",Active,6,billingsmustangs
2026,r50usx1awaxcwqbx,r50usx1awaxcwqbx,career:2c7b8ab9c3b0cf6f,Cole Calnon,R,R,RHP,,175,2000-11-07,"Snohomish, WA",Active,8,billingsmustangs
2026,9jvhhfltpd5oqobw,9jvhhfltpd5oqobw,career:3b7a2579f7c700e3,Nin Burns II,R,R,OF,,190,2001-12-14,"Glendora, CA",Active,9,billingsmustangs
2026,hxoxu8l6i2hp77yc,hxoxu8l6i2hp77yc,career:26367f2bceada476,Bodee Wright,R,R,UTL,69,175,2003-08-18,"Morgan, UT",Active,13,billingsmustangs
2026,awm1ts0la6x84g0n,awm1ts0la6x84g0n,career:1d522675f78f3f46,Hayden Mullins,R,R,RHP,,170,2004-05-24,"Denton, TX",Active,14,billingsmustangs
2026,sdo731jyf54hm999,sdo731jyf54hm999,career:caa25a8892459739,Adam Cootway,R,R,OF,,205,2002-04-02,"De Pere, WI",Active,18,billingsmustangs
2026,dzd83qmzfzo6gbnz,dzd83qmzfzo6gbnz,career:087931e3a6334e46,J.J. Almeda,R,R,RHP,71,180,2000-11-02,"Downey, CA",Active,19,billingsmustangs
2026,opextmjcn8h6x8jj,opextmjcn8h6x8jj,career:734986e42587ae6a,Charlie Muniz,R,R,C,74,220,2001-10-25,"Goodlettsville, TN",Active,21,billingsmustangs
2026,2n1qbuleya48u0jh,2n1qbuleya48u0jh,career:57c690db055f3719,A.J. Shaver,R,R,OF,73,215,2001-10-08,"Clermont, FL",Active,22,billingsmustangs
2026,xtti55f7ey0u6ih4,xtti55f7ey0u6ih4,career:800dac7d1e7e7914,Cameron Bowen,R,R,SS,69,200,2000-07-31,"Williamsburg, KY",Active,23,billingsmustangs
2026,zj1oljdbtvm03hly,zj1oljdbtvm03hly,career:111f1a863139d3be,Hudson Boncal,R,R,RHP,75,210,2002-10-29,"Corona, CA",Active,28,billingsmustangs
2026,th5julr6pfa3w7wu,th5julr6pfa3w7wu,career:f731da2879c4ca68,Nate Naccarato,R,R,RHP,,165,2001-05-25,"Spokane, WA",Active,34,billingsmustangs
2026,j36cazia9qut6ruz,j36cazia9qut6ruz,career:4c13476e6fa73bb5,True McEvoy,R,R,RHP,,205,2002-01-12,"Austin, TX",Active,35,billingsmustangs
2026,ntomfbo7qtvb0j25,ntomfbo7qtvb0j25,career:6e5f396d0704a3b5,Jaden Harris,R,R,RHP,74,215,2003-03-25,"Millville, UT",Active,36,billingsmustangs
2026,0y61reek2k11wgjw,0y61reek2k11wgjw,career:fad7b4bfeaf7548c,Michael Soper,L,R,INF,,190,2001-07-14,"Jefferson, OR",Active,37,billingsmustangs
2026,uja1ybrurx0phpya,uja1ybrurx0phpya,career:6a596c13208b0a23,Sean Lynch,R,R,C,,190,2002-05-23,"Hudson, FL",Active,40,billingsmustangs
2026,m5sqj98bq6uzr000,m5sqj98bq6uzr000,career:99c0ebc9fe7b123c,David Hankins,R,R,RHP,,185,2001-12-04,"Katy, Texas",Active,41,billingsmustangs
2026,w5q5vym4gyjfpdhg,w5q5vym4gyjfpdhg,career:83dc43ac52de02ad,Tristan Perry,R,R,RHP,,195,2001-02-05,"Pearland, Texas",Active,43,billingsmustangs
2026,fjamjfppm8jod9nu,fjamjfppm8jod9nu,career:a9d852a459ebf797,Lucas Hartman,R,R,RHP,,205,2002-09-06,"Bradenton, FL",Active,46,billingsmustangs
2026,ebd03c5v0p02snxh,ebd03c5v0p02snxh,career:7e9763953c93b444,Aaron Calhoun,R,R,RHP,,180,2002-09-30,"Pearland , TX",Injured,47,billingsmustangs
2026,3o1d4ejqjxj9802j,3o1d4ejqjxj9802j,career:a2115898ab1e517f,Pat Mills,L,L,1B/OF,76,205,2000-04-04,"Kokomo, IN",Active,49,billingsmustangs
2026,ulaxt4pfrlsqxxik,ulaxt4pfrlsqxxik,career:b054f42c5a7e8fce,Julian Garcia,R,R,RHP,76,205,1999-08-17,"Houston, TX",Active,53,billingsmustangs
2026,61fre2xw3xhf5wg6,61fre2xw3xhf5wg6,career:1499aaea8dcf5602,Carlos Anziani,R,R,RHP,76,240,2001-05-27,"Lake Mary, FL",Inactive,56,billingsmustangs
2026,ke9yuelgylxbczyt,ke9yuelgylxbczyt,career:aa20357d8f472aec,Mitch Dye,L,R,RHP,75,208,2004-01-22,"Springfield, IL",Active,58,billingsmustangs
2026,22a3n47fewfps9xx,22a3n47fewfps9xx,career:6d020c2dce596f27,Jacob Gutierrez,R,R,OF,,210,,"El Paso, TX",Active,63,billingsmustangs
2026,6r7klq8l7524maod,6r7klq8l7524maod,career:ea3264fe95f4000f,Shawn Mannering,R,R,RHP,,185,2003-12-18,"Smyrna, DE",Inactive,86,billingsmustangs
2026,1b32wdpbpsslui5o,1b32wdpbpsslui5o,career:86db724f4434524c,Jackson Betancourt,L,L,LHP,,200,2002-12-22,"Mira Mesa, CA",Inactive,88,billingsmustangs
2026,fntjusmn1m9l9fxu,fntjusmn1m9l9fxu,career:fa6f36f5aa2f976d,Ritter Steinmann,R,R,RHP,75,195,2002-06-02,"Salina, KS",Inactive,90,billingsmustangs
2026,1sk1fn8a02sjozdy,1sk1fn8a02sjozdy,career:5d262095e31aef00,Nate Roof,R,R,RHP,,175,2000-07-19,"Lexington, SC",Inactive,91,billingsmustangs
2026,t67ohgay33kbrp9e,t67ohgay33kbrp9e,career:315398670598c6d1,Jack Nehler,R,R,1B/OF,,225,2003-07-09,"Gresham, OR",Inactive,92,billingsmustangs
2026,21h2zjujlktpceti,21h2zjujlktpceti,career:1faa77a21faf2792,Cameron Yuran,L,R,OF,74,185,2003-05-21,"Highlands Ranch, CO",Inactive,93,billingsmustangs
2026,cn12gue2w5dz6lsl,cn12gue2w5dz6lsl,career:5b3082c416fefab4,Josh Tucker,L,L,LHP,75,215,2000-12-01,"Spokane, WA",Inactive,94,billingsmustangs
2026,j8qcdcvtjvohmxii,j8qcdcvtjvohmxii,career:8ed1974f985b9c1a,Rijnaldo Euson,L,L,LHP,,300,2001-12-03,"Haines City, FL",Inactive,95,billingsmustangs
2026,m291hs0qkq6l7ofo,m291hs0qkq6l7ofo,career:7f421934ffb9d6c2,C.J. Valdez,R,R,INF,,195,2001-01-01,"Chandler, Arizona",Inactive,96,billingsmustangs
2026,o4h4vj3c1knu44eo,o4h4vj3c1knu44eo,career:3c7f7f67ac945607,Harry Orth,R,R,RHP,76,245,2000-07-27,"Kenosha, WI",Inactive,97,billingsmustangs
2026,hjvsdqtil79tabji,hjvsdqtil79tabji,career:2efc3922497ed02b,Joe Miceli,R,R,RHP,,200,2000-09-02,"Calabash, NC",Inactive,98,billingsmustangs
2026,i5fimifdtorne5lp,i5fimifdtorne5lp,career:e993b893c24758ef,Nick Gottilla,L,L,LHP,,190,2001-02-07,"Davenport, IA",Inactive,99,billingsmustangs
2026,hqlmxv4l2u3d246z,hqlmxv4l2u3d246z,career:c5e062cf2105681a,Darryl Jackson,R,R,IF,70,190,,"Milwaukee, WI",Active,1,boisehawks
2026,n7wvzpwlwyvkfwx3,n7wvzpwlwyvkfwx3,career:c532ab0602f5bc8b,John Pyle,R,R,UTL,,200,2002-09-13,"Santee, California",Active,2,boisehawks
2026,kii5q7zr9skxnivi,kii5q7zr9skxnivi,career:2333a3849e43ba4b,Tyler Best,R,R,Utility,,197,2000-04-03,"Eagle, ID",Inactive,3,boisehawks
2026,mj904woblohd0jsx,mj904woblohd0jsx,career:c41af59270f11285,Ryan Grabosch,R,R,Catcher,,220,2001-01-17,,Protected,4,boisehawks
2026,uq1yxwcq784t2v3w,uq1yxwcq784t2v3w,career:1bb727577546068b,Michael O’Hara,L,R,OF,72,200,2001-05-27,"Danville, CA",Active,5,boisehawks
2026,0cnbl1k7s2e0at2i,0cnbl1k7s2e0at2i,career:90682c4e5adc990e,Joseph Kalafut,L,L,OF,75,220,,"Columbus, WI",Active,6,boisehawks
2026,vkdex7ikq76hr764,vkdex7ikq76hr764,career:c1645791556f9781,Austin Folds,L,L,OF,,180,1999-10-04,"Melbourne , FL",Inactive,7,boisehawks
2026,c2xbgp8nfns8gfxh,c2xbgp8nfns8gfxh,career:40d7814ed9f144ab,Xavier Croxton,L,L,OF,,200,2001-06-16,"Fort Wayne, IN",Inactive,8,boisehawks
2026,93b3vhgqh5uskmjv,93b3vhgqh5uskmjv,career:678e6f910952b153,Chaney Trout,R,R,P,71,195,,"Poplar Bluff , --",Active,9,boisehawks
2026,qtkz7szolhetj61y,qtkz7szolhetj61y,career:1011ba06c5dfd0a1,Jackson Peters,L,R,RHP,77,230,2002-09-26,"Plano, Texas",Active,10,boisehawks
2026,cwvmstw705dul39w,cwvmstw705dul39w,career:a08b0012b6266c23,Zachary Voss,R,R,Pitcher,,220,2002-02-16,"Iberia , Missouri",Inactive,11,boisehawks
2026,zmmfczj8mhaeyjeo,zmmfczj8mhaeyjeo,career:9afc0818ce438540,Zan Rose,L,R,P,73,210,,"Tampa, FL",Active,12,boisehawks
2026,6lxoht4hwtt8kmh3,6lxoht4hwtt8kmh3,career:68351722ec5e7960,Roylan Quevedo,L,R,SS/2b,,180,2003-10-07,"Homestead , FL",Inactive,13,boisehawks
2026,8grppu1m6wh6nx1g,8grppu1m6wh6nx1g,career:fd1d5a1dc0e764e0,Ethan Underwood,L,R,Utility,72,200,,"Acworth, GA",Active,14,boisehawks
2026,zp2e6dmirjg6ork1,zp2e6dmirjg6ork1,career:7e31a4668185b521,Jacob Sisto,R,R,C,70,225,1999-05-11,"Liverpool, NY",Active,15,boisehawks
2026,87biirj4mwc3qgu8,87biirj4mwc3qgu8,career:5c5befc081330c33,Parker Depasquale,R,R,Utility,,190,1997-07-05,"Cottonwood Heights , UT",Inactive,16,boisehawks
2026,8ffxpd4pagxk6vgn,8ffxpd4pagxk6vgn,career:d75b1174cc2b74c1,Connor Wylde,L,L,P,79,235,2003-02-12,"Huntington Beach , California",Inactive,17,boisehawks
2026,12hc9hakd4jk7rtj,12hc9hakd4jk7rtj,career:8631d4c1bdf97fec,John Cone,L,R,RHP,72,190,,"Richmond, VA",Active,18,boisehawks
2026,twm9heei5prxii01,twm9heei5prxii01,career:c23642a9e9b78dfb,Blake McFadden,L,L,P,75,225,1998-02-16,"Meridian, ID",Injured,19,boisehawks
2026,odxq0hv7h2htprqr,odxq0hv7h2htprqr,career:75308d8ed94a4a1a,Jeremiah Locklear,R,L,P,,220,2001-05-23,"Pembroke, FL",Inactive,20,boisehawks
2026,q8lfc8w37ylzj33u,q8lfc8w37ylzj33u,career:30121ff1c42e0612,Humberto Vela,R,R,RHP,,225,2000-08-24,"Pasadena , Texas",Active,22,boisehawks
2026,1wvyhyfcary55l2d,1wvyhyfcary55l2d,career:348300aee8300ce1,Treshon Paschal,R,R,P,,200,2000-06-29,"Springdale, AR",Inactive,24,boisehawks
2026,gbb8dj0dciubzhy3,gbb8dj0dciubzhy3,career:0c5d57f5dfbc5151,Andrew Baker,L,L,LHP,71,205,,"Haines City, FL",Active,25,boisehawks
2026,lbn6zvl9ev17558y,lbn6zvl9ev17558y,career:d0bd07ea44c7a75d,Caden Matlon,R,R,C,,205,2002-04-16,"Grain Valley, MO",Inactive,26,boisehawks
2026,50qd8xv95tjorx7n,50qd8xv95tjorx7n,career:e14d3d778409a23e,Ryan Recio,R,R,CIF,,200,2002-08-30,"Boca Raton, Florida",Active,27,boisehawks
2026,qkxfaxn4f90ilduj,qkxfaxn4f90ilduj,career:cabab1104371dd10,Wyatt Grant,R,R,C,73,210,,"Burkburnett, TX",Active,28,boisehawks
2026,z635rjj7664m9ar8,z635rjj7664m9ar8,career:d8c82f3fe3512be1,Jeremiah Begora,R,R,1B,,235,2000-11-06,"Cartersville , GA",Injured,29,boisehawks
2026,zo0ybqtih4w91tzd,zo0ybqtih4w91tzd,career:a9b86bfd85a0afd8,Logan Hokuf,R,R,RHP,,210,2004-05-25,"Corona, CA",Inactive,30,boisehawks
2026,efqsk9nyreq13vn7,efqsk9nyreq13vn7,career:962c814661c7b33d,Ryan DuSang,R,R,RHP,72,190,,"Commerce Township , Michigan",Active,31,boisehawks
2026,47xxj3yweegsi12r,47xxj3yweegsi12r,career:8f2af05e3fc6f912,Cameron Dayton,L,L,P,75,220,,"Round Rock, TX",Active,32,boisehawks
2026,xtuc63l03y3g5buz,xtuc63l03y3g5buz,career:b4bb85cf182ef359,Joseph Skapinetz,L,R,P,,235,2002-08-07,"Far Hills, NJ",Active,33,boisehawks
2026,zvgyfujnecg4n3yl,zvgyfujnecg4n3yl,career:3f5ea38144cd9508,William Neaves,R,R,OF,,220,2000-05-24,"Summerville, South Carolina",Injured,34,boisehawks
2026,a097g8yo50klz3ia,a097g8yo50klz3ia,career:f3bb61b9ecc4e0b3,Parker Hogge,R,R,Pitcher,,225,2004-07-08,"Haymarket, VA",Active,37,boisehawks
2026,gctvz0fc51j7j9t8,gctvz0fc51j7j9t8,career:e9e02337dc42b5ce,Giovanni Helmuth,R,R,RHP,,184,2002-08-28,"Fresno , CA",Inactive,38,boisehawks
2026,to666sev5tvz1rok,to666sev5tvz1rok,career:d379dcf3137b5d82,Trey Jones,R,R,Pitcher,,190,1999-07-03,"Baxley, GA",Active,40,boisehawks
2026,mzzkuuz02fplopu9,mzzkuuz02fplopu9,career:1fbdc456ba8862c7,Dominick Spinoso,R,R,P,,190,1999-07-19,"Syracuse, NY",Active,41,boisehawks
2026,ebubokgpt6xha5i5,ebubokgpt6xha5i5,career:6a445c7e3bb7ead5,Matthias Haas,R,R,Utility,,205,2001-08-15,"Oakland, California",Active,42,boisehawks
2026,yz9mlvhx05p0q96g,yz9mlvhx05p0q96g,career:5b0a5a1725f24957,Alex Hernandez,R,R,RHP,,205,2003-08-24,"Chandler , Arizona",Inactive,44,boisehawks
2026,dpjjkhyu2e4vuehn,dpjjkhyu2e4vuehn,career:ab8fb3b1b0f154f8,Logan Meyer,R,R,OF,,,,,Active,45,boisehawks
2026,gyj2cm7lqvm2ut1t,gyj2cm7lqvm2ut1t,career:11be8df05985432a,Trevor Tripoli,R,R,MIF,,175,1999-11-17,"Mililani , HI",Inactive,48,boisehawks
2026,vgb3meqzrppnnhcd,vgb3meqzrppnnhcd,career:6fd9c0b38770ea36,Ryan Radkey,R,R,RHP,75,215,2003-09-02,"Albany, CA",Active,88,boisehawks
2026,ywhg8hz7ab6eb7a6,ywhg8hz7ab6eb7a6,career:1e4f12b9aef3e746,James Bingham,L,R,RHP,,220,2002-07-18,,Inactive,90,boisehawks
2026,5e4zyt9no6wo0r9c,5e4zyt9no6wo0r9c,career:7261506ffdab4448,Graham Edwards,R,R,P,,205,2001-12-07,,Inactive,92,boisehawks
2026,mjikl3odi97zk7f1,mjikl3odi97zk7f1,career:02210932928b4cb2,Oscar Fernandez,R,R,P,,185,2004-05-27,,Inactive,93,boisehawks
2026,q5xm697xl6b74sq8,q5xm697xl6b74sq8,career:519e7da021713e11,Jacob Hughes,L,R,P,,225,2003-03-31,,Inactive,95,boisehawks
2026,1ifobk3s92pqqsmr,1ifobk3s92pqqsmr,career:fe04c810330476b9,Brandon Nigh,R,R,INF,,205,2003-09-14,,Inactive,96,boisehawks
2026,w9396uwk867c1r3r,w9396uwk867c1r3r,career:458d971f9323a346,Benjamin Wilmes,R,R,OF,,180,,"Granger, Iowa",Inactive,99,boisehawks
2026,8ask0s9solu5djkd,8ask0s9solu5djkd,career:d5e10f172ef657f2,Tommy Rover,,R,INF,67,185,2001-05-27,"Brentwood, CA",Active,1,glacierrangeriders
2026,a4x9809wbva3u0yi,a4x9809wbva3u0yi,career:0f777bb764a8bf37,Andrew Collins,L,R,OF,72,185,2002-02-21,"Oregon, OH",Active,3,glacierrangeriders
2026,5sm31oznfsp5yy51,5sm31oznfsp5yy51,career:e585da6bf861e553,Kyle Ashworth,L,R,OF,71,180,2001-04-25,,Active,4,glacierrangeriders
2026,pb4j4o4tl4zsiriu,pb4j4o4tl4zsiriu,career:b20ea6ae709d6912,Donovan Ratfield,R,R,C,70,210,2002-06-27,"Sparks, NV",Active,5,glacierrangeriders
2026,bcnnkmg78l5te8wo,bcnnkmg78l5te8wo,career:57396404d4750b81,Joe McLaughlin,R,R,OF,74,195,2000-12-28,"Chandler, AZ",Injured,7,glacierrangeriders
2026,1l4hph86mlaafm85,1l4hph86mlaafm85,career:3c6f8941862c111b,Carson Garner,R,R,INF,73,205,2003-04-09,"Franklin, TN",Active,8,glacierrangeriders
2026,zhcbjv7y3bqzgdps,zhcbjv7y3bqzgdps,career:0310bc9c97027077,Connor Housley,L,R,,76,205,2001-08-18,"Tyrone, GA",Active,10,glacierrangeriders
2026,xagqrwvpyqhr7ts3,xagqrwvpyqhr7ts3,career:37d09d1c42a87090,Carson Hornung,L,R,INF,74,225,2003-08-11,"Overland Park, KS",Active,11,glacierrangeriders
2026,iru12spt2m5gmc5n,iru12spt2m5gmc5n,career:4eca8c4a85cbe6c3,Jake Millan,,L,OF,71,210,2002-09-04,"Springbrook, PA",Active,13,glacierrangeriders
2026,bs3gwpouiectmksv,bs3gwpouiectmksv,career:2844aa54368885b8,Lance Wade,R,R,RHP,70,190,2001-10-07,"Baton Rouge, LA",Active,15,glacierrangeriders
2026,cou0zhjjl2l05yxh,cou0zhjjl2l05yxh,career:9d24ae9a0b080b61,Brock Vradenburg,L,R,IF,77,230,2002-05-20,",",Active,16,glacierrangeriders
2026,wqw1zfojajdda88b,wqw1zfojajdda88b,career:6b1f9ad197621613,Jared Engman,R,R,RHP,72,215,2001-05-30,"Kent, WA",Active,20,glacierrangeriders
2026,1pl30vm9phljyfei,1pl30vm9phljyfei,career:f589f48f1be2955e,Jonah Giblin,R,R,RHP,76,240,2001-07-07,"Seattle, WA",Injured,23,glacierrangeriders
2026,kqw9wtceq4h1lzpw,kqw9wtceq4h1lzpw,career:42b83d5c06c647a8,Davis Pratt,R,R,RHP,74,205,2000-05-16,"Albuquerque, NM",Active,24,glacierrangeriders
2026,od653885ky4v2wdw,od653885ky4v2wdw,career:e8283b560dec88f4,Julian Sauger,R,R,,68,210,2001-02-17,"Trussville, AL",Active,25,glacierrangeriders
2026,1r8wjj6pvg6nfsi6,1r8wjj6pvg6nfsi6,career:7d571b8871d1fac7,Evan Langston,R,R,,73,195,2003-03-18,"Mammoth Lakes, CA",Active,27,glacierrangeriders
2026,eavl4eau19mx5nm4,eavl4eau19mx5nm4,career:e6f43571252e3e1e,Zach Longshore,L,L,LHP,73,215,2003-05-20,"Richmond, TX",Active,28,glacierrangeriders
2026,mh9g30o5e2rhll4o,mh9g30o5e2rhll4o,career:457bab6209c65b16,Logan Beard,R,R,INF,69,205,2001-10-18,"Louisville, KY",Active,29,glacierrangeriders
2026,ix62wf3sseddnft8,ix62wf3sseddnft8,career:db01cbd6b2332291,Chris Canada,L,L,LHP,79,220,2002-08-28,"Newport, CA",Active,30,glacierrangeriders
2026,mx2ygysh02m8cjdi,mx2ygysh02m8cjdi,career:9019fcf0848fc5c1,Jacob Hasty,L,L,LHP,74,230,2001-05-08,"Keller, TX",Active,32,glacierrangeriders
2026,hmc3jt72i5y6hesm,hmc3jt72i5y6hesm,career:57593ccab697c1be,Ricky Tibbett,L,R,RHP,74,190,2001-03-04,",",Active,34,glacierrangeriders
2026,kjkqs893o1ajfqto,kjkqs893o1ajfqto,career:5a68909f527205d7,Aidan Elfering,R,R,RHP,75,210,2003-05-11,"Bird Island, MN",Active,35,glacierrangeriders
2026,i1yadn6gmn8fgzqg,i1yadn6gmn8fgzqg,career:534e5927a7b47f60,Alex Bustamante,R,R,RHP,75,195,2000-06-22,,Active,36,glacierrangeriders
2026,ze4c53dxm8mewl6s,ze4c53dxm8mewl6s,career:c4afbd048ad35ebe,Cole Cressend,R,R,RHP,75,190,2002-08-16,,Active,37,glacierrangeriders
2026,g2gfwgjmgw0wumz0,g2gfwgjmgw0wumz0,career:a8ec4e05c431f2d9,Jacob Steele,R,R,INF,72,195,2003-05-20,"Saint Peters, MO",Injured,79,glacierrangeriders
2026,cuz6vkinbjyn9krf,cuz6vkinbjyn9krf,career:a7e0c6bb23234e47,Will Maynard,R,R,RHP,75,190,2003-06-19,"Houston, TX",Injured,82,glacierrangeriders
2026,iohaj5ddzeilt0kf,iohaj5ddzeilt0kf,career:87a1964e833c0bc4,Jack Maruskin,R,R,RHP,74,200,1999-12-15,"Frederick, MD",Inactive,83,glacierrangeriders
2026,ra8f03wpekdmn93a,ra8f03wpekdmn93a,career:132b08d03d58f33c,Cam Magee,L,R,INF,72,190,2002-06-01,,Injured,84,glacierrangeriders
2026,dy7blocywqy2swbt,dy7blocywqy2swbt,career:6f1e45a02f3943ba,Johnny Luetzow,R,R,,72,215,2003-08-28,"San Diego, CA",Injured,85,glacierrangeriders
2026,tqjphgvmis12a59v,tqjphgvmis12a59v,career:8255b4bde4fbc94d,Alex Jankowski,R,R,RHP,71,195,2003-03-26,",",Inactive,87,glacierrangeriders
2026,0mdsxwdneapayxh2,0mdsxwdneapayxh2,career:8ffaf956d528ee13,Ryan Humphreys,L,L,,72,210,2001-06-12,",",Inactive,88,glacierrangeriders
2026,dhvnhdw9dainrtid,dhvnhdw9dainrtid,career:4f881e1aa71c4240,Alex Fernandes,L,R,,71,170,2002-09-26,"San Marcos, CA",Inactive,89,glacierrangeriders
2026,v19dbz9h83t6deaf,v19dbz9h83t6deaf,career:f3bc060efe8e9c98,Edrick Felix,R,R,INF,70,198,2002-01-14,"San Juan, PR",Inactive,90,glacierrangeriders
2026,obaugcjw7oeeq7mb,obaugcjw7oeeq7mb,career:f34a0dcf90748b0c,Brady Chavez,R,R,RHP,73,190,2002-01-23,,Inactive,91,glacierrangeriders
2026,s01imv5ccalddpgu,s01imv5ccalddpgu,career:195fb1e24d989109,Daniel Charron,R,R,RHP,70,190,2001-11-05,"Pasco, WA",Inactive,92,glacierrangeriders
2026,dffyg4jjsmx33hvi,dffyg4jjsmx33hvi,career:f99aefbb9654096e,Steven Cash,R,L,LHP,73,190,2003-08-07,"Northport, AL",Injured,93,glacierrangeriders
2026,2a039hf0z1dbduqi,2a039hf0z1dbduqi,career:bbdcd7c6b025215a,Michael Byrne,L,L,LHP,75,205,1995-11-06,,Inactive,95,glacierrangeriders
2026,apfq5hhwwrkaw01j,apfq5hhwwrkaw01j,career:295a2d567c75c2af,William Bartkoski,R,R,RHP,77,225,2002-05-05,"Seneca, KS",Inactive,96,glacierrangeriders
2026,j9r9fcgqty87ykpu,j9r9fcgqty87ykpu,career:3b8647891c3932c9,Walker Zampella,R,R,INF,70,200,2003-03-03,"Edison, NJ",Inactive,98,glacierrangeriders
2026,ksyjaa229u49gha7,ksyjaa229u49gha7,career:7c1c9780e8f0efc3,Jake Covey,R,R,RHP,76,200,2001-08-10,,Inactive,99,glacierrangeriders
2026,748n50fsxxg7qumq,748n50fsxxg7qumq,career:a1cf8a40d85e97fc,Kyle Singer,R,R,SS,70,175,2002-10-07,",",Inactive,99,glacierrangeriders
2026,iqp0ir45t895u9t0,iqp0ir45t895u9t0,career:36ab9ce17888d016,Vincent Temesvary,R,R,UTL,71,200,2001-10-15,"Los Angeles, CA",Active,2,greatfallsvoyagers
2026,x64xa5bvo5ns9w0d,x64xa5bvo5ns9w0d,career:50e45024ebea7c21,William Ponce,L,R,INF,68,185,2002-08-28,"Olathe, KS",Active,6,greatfallsvoyagers
2026,0xlcfre80bj9d26g,0xlcfre80bj9d26g,career:4387833babed6cb7,Anthony Manisero,R,R,OF,73,190,2002-01-15,", --",Active,7,greatfallsvoyagers
2026,eiwm9iuy8cd81n3u,eiwm9iuy8cd81n3u,career:ca79081745d2cc75,Zack Blaszak,L,R,INF,72,175,,,Active,8,greatfallsvoyagers
2026,v489jgl2rrroa8ob,v489jgl2rrroa8ob,career:1d548a8ee0b14b39,Ethan Ott,R,R,1B/3B,74,220,2003-06-27,"Chesapeake, VA",Active,9,greatfallsvoyagers
2026,9m5vcqzdjnreg23z,9m5vcqzdjnreg23z,career:0a79ffb5d3f5d7b4,Trey Cruz,L,R,SS/OF,,,2001-07-12,", --",Active,10,greatfallsvoyagers
2026,6pjlkckyce1z6u8k,6pjlkckyce1z6u8k,career:d7c0a2e2fadf15d1,Michael Dorcean,R,R,C,71,200,2001-01-25,"Queens, NY",Active,11,greatfallsvoyagers
2026,5oy4xxnl5a1fu82h,5oy4xxnl5a1fu82h,career:fd4e5447a0e913d7,Nik Cardinal,R,R,RHP,72,220,1997-03-08,,Active,12,greatfallsvoyagers
2026,ep5m72eybn6wp1a3,ep5m72eybn6wp1a3,career:01e7c942d348535b,Anthony Swenda,R,R,INF,72,210,2002-05-02,"Bridgeport, PA",Active,17,greatfallsvoyagers
2026,jpcwldfumlti33k2,jpcwldfumlti33k2,career:b53d0c862523586e,Blake Wilhoite,L,R,C,70,185,2003-01-24,,Active,18,greatfallsvoyagers
2026,gfbb5gvenneth3hu,gfbb5gvenneth3hu,career:4c6887ee02ec6ebd,CJ Czerwinski,R,R,RHP,73,210,2000-09-01,"Red Lion, PA",Active,19,greatfallsvoyagers
2026,rvkbb2vboby1l0t3,rvkbb2vboby1l0t3,career:d180924bf074096f,Sam Lavin,R,R,RHP,73,195,2002-06-07,",",Active,20,greatfallsvoyagers
2026,cekepr0nr9v4p6cu,cekepr0nr9v4p6cu,career:c9ce08fb9e120c89,Tommy Specht,L,R,OF,,,2004-06-24,,Active,21,greatfallsvoyagers
2026,tfxluz08ebz3w2s1,tfxluz08ebz3w2s1,career:aed0f7465d3d920f,Will Rogers,R,R,RHP/UTL,73,205,2003-02-19,",",Active,23,greatfallsvoyagers
2026,5apcq0cw60uupyzx,5apcq0cw60uupyzx,career:38587c7007121e4a,Carter Kelsey,R,R,RHP,77,200,2003-04-13,"Westport, CT",Injured,24,greatfallsvoyagers
2026,yytb4jxnjiyijq9l,yytb4jxnjiyijq9l,career:b6f3441bbdba3814,Esteban Hernandez,R,R,RHP,72,175,2002-02-07,"Yuma, AZ",Active,25,greatfallsvoyagers
2026,31y9ywg64p9un4u0,31y9ywg64p9un4u0,career:12722d82877cc3dc,Kyle Schmack,R,R,OF$,73,225,2001-03-19,",",Active,27,greatfallsvoyagers
2026,3xzvqks2pqrhwr15,3xzvqks2pqrhwr15,career:71803af8cabe7379,Tommy Gross,R,R,RHP,75,215,,"Minnetonka, MN",Active,28,greatfallsvoyagers
2026,iq4aysiw1i8uyjll,iq4aysiw1i8uyjll,career:1b712016a59e148a,AJ Kostic,R,R,RHP,75,212,2001-12-15,"Calgary, AB Canada",Injured,29,greatfallsvoyagers
2026,offiio8tuibp48q3,offiio8tuibp48q3,career:0f5070d1499d736f,Landon Smiddy,R,R,RHP,72,225,2001-07-10,",",Injured,32,greatfallsvoyagers
2026,g8fv3aqj49zrdelo,g8fv3aqj49zrdelo,career:db47ba64be107f0e,Simon Murray,R,R,LHP,74,230,2003-04-16,",",Injured,34,greatfallsvoyagers
2026,7zkweaghxqaz001s,7zkweaghxqaz001s,career:be30b292f7dfd2f8,Nic Mirabella,R,R,RHP,71,200,,"Chattanooga, TN",Active,35,greatfallsvoyagers
2026,9d4ywe9b2m65p349,9d4ywe9b2m65p349,career:15a8d60aed0053fd,Julio Garcia,R,R,RHP,74,203,,"Baytown, TX",Active,40,greatfallsvoyagers
2026,eino8bzlrp2dqif6,eino8bzlrp2dqif6,career:d45bca9183ed9577,Dylan Wanat,R,R,OF,,,2002-07-11,",",Inactive,75,greatfallsvoyagers
2026,ij0o2ng1v3up7ucd,ij0o2ng1v3up7ucd,career:59216b0b7fdf606c,Joseph Carbone,R,R,LHP,,,2001-04-04,",",Inactive,76,greatfallsvoyagers
2026,rs79q5axj9kfqrtb,rs79q5axj9kfqrtb,career:9465f8cd83bdf64e,Landen Ray,R,R,RHP,74,200,,,Inactive,77,greatfallsvoyagers
2026,63dg0t52hzm720z3,63dg0t52hzm720z3,career:270295f0400941f8,Sebastian Cabeza,R,R,C,70,205,2003-02-20,,Inactive,78,greatfallsvoyagers
2026,sqkglfqam7mposcw,sqkglfqam7mposcw,career:cdb95fb912cd0e2f,Ryan Cullinane,R,R,RHP,,,2003-06-19,,Inactive,79,greatfallsvoyagers
2026,31bhzdme6shudcrj,31bhzdme6shudcrj,career:6f64ca10fafc3439,Antonio Barranca,R,R,C,,,2001-07-25,",",Inactive,99,greatfallsvoyagers
2026,qom63dnzhdns5io9,qom63dnzhdns5io9,career:2496dc9142d0eaf5,Jacob Bell,R,R,RHP,74,195,,,Inactive,99,greatfallsvoyagers
2026,h1affbhicdw2jqjh,h1affbhicdw2jqjh,career:1140dd6a67d3eaf7,Chance Cox,L,L,,74,205,2002-12-05,"Oklahoma City, OK",Inactive,99,greatfallsvoyagers
2026,sv4074bgv7dwfsyz,sv4074bgv7dwfsyz,career:205deaac9a8456ca,Zach Horwith,R,R,RHP,73,200,,,Inactive,99,greatfallsvoyagers
2026,mx1rn8gh43l0uaz0,mx1rn8gh43l0uaz0,career:94578a863442de18,Assaf Lowengart,R,R,SS,73,195,1998-03-01,,Inactive,99,greatfallsvoyagers
2026,qr7au2aifadybwck,qr7au2aifadybwck,career:c230e5f211bdeb52,Brock Lucas,R,R,RHP,72,170,,,Inactive,99,greatfallsvoyagers
2026,k3lny2zo9n0q0ewv,k3lny2zo9n0q0ewv,career:df51c8d34a8c3234,Colin Murphy,R,R,RHP,,,2003-01-26,",",Inactive,99,greatfallsvoyagers
2026,ls0mxz8qrdhef4g1,ls0mxz8qrdhef4g1,career:1dc3e7d89b7d7ce6,Raymond Ochoa,R,R,RHP,70,175,,,Inactive,99,greatfallsvoyagers
2026,nnrjl24a44a4iorm,nnrjl24a44a4iorm,career:b4fe5f7d387d1350,Chris Peguero,R,R,RHP,73,210,2001-08-09,"Boston, MA",Inactive,99,greatfallsvoyagers
2026,s8ir7rcv41lhwxfg,s8ir7rcv41lhwxfg,career:45012dc7759560bb,Aidan Redahan,R,R,UTL,72,200,2002-06-17,,Inactive,99,greatfallsvoyagers
2026,fr8khknqv4l4tya0,fr8khknqv4l4tya0,career:eac882820d05aa75,Eumir Sepulveda,R,R,RHP,,,1996-02-14,",",Inactive,99,greatfallsvoyagers
2026,h6o4vvnmks4s7uho,h6o4vvnmks4s7uho,career:d9e3f2cfdf0933e0,Ryan Skjonsby,L,R,1B/OF,75,213,2003-10-17,"Long Beach, CA",Inactive,99,greatfallsvoyagers
2026,ss7gea2s7swh8tjg,ss7gea2s7swh8tjg,career:598e489778d5dc5f,Clay Thompson,R,L,LHP,73,210,,,Inactive,99,greatfallsvoyagers
2026,anqz0wl6onpyqda5,anqz0wl6onpyqda5,career:2153d25349295971,Kevin Worek,R,R,RHP,,,2002-07-02,",",Inactive,99,greatfallsvoyagers
2026,5k8293oy2v8rp4nc,5k8293oy2v8rp4nc,career:7c39e67e2c3a8c4c,Robert Estrada,R,R,OF,71,180,2002-07-08,"Jersey City, NJ",Inactive,0,idahofallschukars
2026,waf06fjzmryx79yh,waf06fjzmryx79yh,career:d87761b64e477b3a,Tyrus Riley,R,R,P,78,210,2002-10-12,"Lions, KA",Inactive,1,idahofallschukars
2026,8hc1g5q62fpygxpl,8hc1g5q62fpygxpl,career:634847af038553bd,Eddie Thompson,L,L,P,74,200,2003-01-01,"Raleigh, NC",Active,2,idahofallschukars
2026,whk442245hjxc11i,whk442245hjxc11i,career:091e457600d9fddb,Ty Dooley,L,R,INF,70,185,2003-02-21,"Elgin, SC",Active,3,idahofallschukars
2026,mrk0ntf9a9ba4hby,mrk0ntf9a9ba4hby,career:edf0799a7d50a124,Ray Hernandez,R,R,RHP,71,190,2004-06-14,",",Active,4,idahofallschukars
2026,pywbrhh02bn4ywqh,pywbrhh02bn4ywqh,career:083a8a0e1f8f8480,Garret Ostrander,R,R,UTL,71,185,2002-01-29,"San Diego, CA",Active,5,idahofallschukars
2026,lhkt659pr2m9juzd,lhkt659pr2m9juzd,career:d241d2a6d8ad6f6d,Rayth Petersen,R,R,UTL,71,190,2002-10-20,,Injured,6,idahofallschukars
2026,hr1ve9641pe49pw2,hr1ve9641pe49pw2,career:61cfbdbb42728b48,Casey Vaughan,S,R,INF,75,200,2001-12-01,,Active,7,idahofallschukars
2026,td7vp36a5n3dn07v,td7vp36a5n3dn07v,career:ee264034d7891792,Spencer Rich,R,R,OF,74,200,2001-02-09,"Winter Park, FL",Active,8,idahofallschukars
2026,tg5vinbjr7njs9e1,tg5vinbjr7njs9e1,career:bbe5055591a358fa,Tyler Wyatt,R,R,OF,71,185,1996-12-09,,Active,9,idahofallschukars
2026,eqdyvg4ngztn2e2w,eqdyvg4ngztn2e2w,career:4fab70b2cae2e238,Sam Canton,L,L,OF,70,185,2002-06-16,"Port Orchard, WA",Active,12,idahofallschukars
2026,dlscobk7bxuycsfs,dlscobk7bxuycsfs,career:7aedd3f046d35982,Emilio Barrera,R,R,utly,72,190,2001-10-15,,Active,13,idahofallschukars
2026,raeazoj9zo3ma209,raeazoj9zo3ma209,career:127da19271e95cfa,Demarckus Smiley,L,R,C,70,205,2002-05-24,,Active,17,idahofallschukars
2026,zs576uc8rhsid11d,zs576uc8rhsid11d,career:4c486717d8202871,Ian Lanik,R,R,RHP,75,180,2002-09-01,,Active,20,idahofallschukars
2026,1nj7x6ftupnwej45,1nj7x6ftupnwej45,career:6fe05a78793afdd4,Julian Berenti,L,L,P,72,185,2000-08-04,,Active,21,idahofallschukars
2026,hq5v434ekgu367lf,hq5v434ekgu367lf,career:b20cb52e1d672711,Josh Leerssen,R,R,RHP,76,185,,"Sandy Springs, GA",Active,22,idahofallschukars
2026,r1mmcm0hpcci29jg,r1mmcm0hpcci29jg,career:401d36167f1c3330,Rafael Brito,R,R,RHP,79,180,2003-03-27,"El Tigre, Venezuela",Active,23,idahofallschukars
2026,30sev64xcchat2oq,30sev64xcchat2oq,career:4b849d928acbd261,Eli Snelson,R,R,P,70,185,2003-12-01,",",Inactive,24,idahofallschukars
2026,b10iuxl0v40l6q3l,b10iuxl0v40l6q3l,career:a051dd9f4c68d6c7,Sean Kelby,L,L,P,76,210,2000-05-05,"Newark, DE",Injured,25,idahofallschukars
2026,884vdy1n24490aks,884vdy1n24490aks,career:6e4d2a39d2ac6514,Quentin Graves,R,R,P,73,210,2002-09-24,"Altamonte Springs, FL",Inactive,26,idahofallschukars
2026,1dipuqtrx2rw1bil,1dipuqtrx2rw1bil,career:d72d32b84bb98cc7,Mason Pennington,R,R,RHP,75,215,2003-03-13,"McKinney, TX",Active,27,idahofallschukars
2026,91opkk4jpwvc2gce,91opkk4jpwvc2gce,career:b8b6e15211877a3a,Justin Trimble,L,R,Inf,76,215,2003-06-21,,Active,28,idahofallschukars
2026,3lm0wwho43rdy1aj,3lm0wwho43rdy1aj,career:c033399a6e9665d8,Ryan Lee,R,R,C,69,195,2001-05-15,"Cleveland, TN",Active,29,idahofallschukars
2026,dmmxwk2edd8lfzr8,dmmxwk2edd8lfzr8,career:fe242aae44ea1c7f,Wesley Mitchell,R,R,OF,76,215,,"Katy, TX",Active,32,idahofallschukars
2026,phipczs9kszfwpth,phipczs9kszfwpth,career:37c8d37cbb08574c,Izzy Madariaga,L,R,Inf.,72,185,2003-01-14,,Injured,33,idahofallschukars
2026,rihlvxu26oki4p6w,rihlvxu26oki4p6w,career:8816dfac70aa5762,Hunter Hargett,R,R,P,74,190,2003-02-27,,Active,39,idahofallschukars
2026,b1e6r3q808nfu47f,b1e6r3q808nfu47f,career:da64f6e753900ad7,Mason Collins,L,R,C/P,74,220,2002-05-17,,Active,40,idahofallschukars
2026,louwx6zvzqsua5il,louwx6zvzqsua5il,career:97d7e679414860d2,Drew Stengren,R,R,C,73,200,2001-07-02,,Active,45,idahofallschukars
2026,o0aviupopf7vfn6d,o0aviupopf7vfn6d,career:278ea155a9c9e3dd,Mauricio Rodriguez,R,R,P,73,220,2000-10-19,"Chelsea, MA",Inactive,46,idahofallschukars
2026,rottofm8tpmmf11l,rottofm8tpmmf11l,career:fba5e3fa07498b2c,Ryan Inouye,R,R,rhp,69,170,2002-06-14,,Active,47,idahofallschukars
2026,lecp6wvcu0yap0a7,lecp6wvcu0yap0a7,career:44d2531b02e921a2,Seth Spencer,R,R,LHP,72,205,2001-05-19,"Murrieta, CA",Injured,48,idahofallschukars
2026,zxn7o1mc1wbexeyf,zxn7o1mc1wbexeyf,career:c6573201d3cf5bea,Matthew Lighthall,R,R,P,77,190,2003-02-12,",",Inactive,49,idahofallschukars
2026,oezhc52yzuwae728,oezhc52yzuwae728,career:5ad21a38a9871e7e,Parker Lester,L,R,1b,76,215,2003-05-16,"Cartersville, GA",Active,51,idahofallschukars
2026,ft26nr2jg62x1eqa,ft26nr2jg62x1eqa,career:79b884a40f8512b9,Blayne Fritcher,R,R,P,77,220,2003-07-23,"Austin, TX",Inactive,90,idahofallschukars
2026,up1pv15hpuwr36k3,up1pv15hpuwr36k3,career:b117544e8e8ee846,Blake Barker,R,L,P,72,225,2003-04-13,"Chardon, OH",Inactive,99,idahofallschukars
2026,w6uf0tgd2h5ng6m6,w6uf0tgd2h5ng6m6,career:f5528bf27b5e53ab,Jason Bickford,L,L,LHP,72,165,2003-08-17,,Inactive,99,idahofallschukars
2026,ijc320hmm5r06ymp,ijc320hmm5r06ymp,career:fc905bd54459a377,Kristofer Bow,R,R,RHP,75,225,2000-11-26,,Inactive,99,idahofallschukars
2026,58bwn29javho4swz,58bwn29javho4swz,career:3fd3bc7246cbd044,Ramon Camacho,R,R,RHP,72,194,2004-11-23,,Inactive,99,idahofallschukars
2026,xdlawyav8hl0ti81,xdlawyav8hl0ti81,career:32d8fcc41bdf188f,Wilton Castillo,R,R,RHP,79,190,2000-02-12,,Inactive,99,idahofallschukars
2026,9m9ki9dm0q2884yy,9m9ki9dm0q2884yy,career:67bc97e0e3c4e944,Shadai Colon,L,L,P,70,180,2001-10-31,,Inactive,99,idahofallschukars
2026,v358sgpjnk8p5619,v358sgpjnk8p5619,career:66b8b21535a58381,Matt Dadlani,R,L,P,75,240,2002-01-26,,Inactive,99,idahofallschukars
2026,z6hsd3g7je380168,z6hsd3g7je380168,career:3419b331c84f55af,Yency De Jesus,R,R,RHP,71,170,2002-06-20,,Inactive,99,idahofallschukars
2026,s5i94bo4m32drgs1,s5i94bo4m32drgs1,career:4483aa985ed9f1df,Rijnaldo Euson,L,L,LHP,75,300,2001-12-03,,Inactive,99,idahofallschukars
2026,zbkz57gtgpiq9i3n,zbkz57gtgpiq9i3n,career:ec660da6e61c5038,Jake Fallers,R,R,C,70,218,2002-06-29,,Inactive,99,idahofallschukars
2026,cpkfov9ej0s1eqh2,cpkfov9ej0s1eqh2,career:7c281b5775515ae3,Jonathan Gonzalez Perez,R,R,C,75,240,2004-01-29,,Inactive,99,idahofallschukars
2026,bo3hbqttm5d31r11,bo3hbqttm5d31r11,career:df4c3ea8d3c95498,Miguel Gonzalez,L,L,LHP,73,200,1999-03-20,,Inactive,99,idahofallschukars
2026,ico6okwnriijxa0k,ico6okwnriijxa0k,career:6e955c043a700ee4,Mark Kirkland,L,L,1b,77,230,2000-07-24,,Inactive,99,idahofallschukars
2026,wmeg7z9dx9w6jd22,wmeg7z9dx9w6jd22,career:259026183f75272b,Mateo Matthews,L,R,1B,77,215,2003-01-25,,Inactive,99,idahofallschukars
2026,gxdxahhii6ocxymi,gxdxahhii6ocxymi,career:318b50974704818a,JD McCracken,R,L,P,75,211,2003-01-13,,Injured,99,idahofallschukars
2026,ght12mhlwq3ej345,ght12mhlwq3ej345,career:4018b7dc779a814f,Zach Mizrahi,L,L,P,73,200,2003-04-30,,Inactive,99,idahofallschukars
2026,ffy9otcue7cxn6q0,ffy9otcue7cxn6q0,career:89911abbe3260344,Raul Morales,R,R,P,70,,2003-10-10,,Inactive,99,idahofallschukars
2026,qi2qzoi64s4mjign,qi2qzoi64s4mjign,career:3cf779cd4c61a344,Shuto Okumura,R,R,RHP,69,185,2003-09-05,,Inactive,99,idahofallschukars
2026,k6gpim6e4wcqial0,k6gpim6e4wcqial0,career:9af14e88ec517d66,Cole Robinson,R,R,1B,75,245,2002-02-05,,Inactive,99,idahofallschukars
2026,ntu6orv1r7t18ew9,ntu6orv1r7t18ew9,career:d0707dd4441962ed,Jordi Romero,R,R,RHP,74,185,2002-07-05,,Inactive,99,idahofallschukars
2026,5uhzvpyzvl2igcja,5uhzvpyzvl2igcja,career:5cd9d7cb7905e0a9,Brandon Ross,L,L,LHP,74,170,1998-09-13,,Inactive,99,idahofallschukars
2026,hluebph4zfkwqzzn,hluebph4zfkwqzzn,career:2a99e0d9224cb70f,Caleb Royer,L,R,OF,76,200,2003-10-10,,Inactive,99,idahofallschukars
2026,id2kpbuwp0q016dn,id2kpbuwp0q016dn,career:af18c16e4f03ee89,Andrew Rust,R,R,Pitcher,74,200,2003-10-29,,Inactive,99,idahofallschukars
2026,379gs7onl3n1mk23,379gs7onl3n1mk23,career:17dc1080dd767ce0,Joe Taylor,R,R,Pitcher,74,170,2003-05-06,,Inactive,99,idahofallschukars
2026,pww3oe939xuh5pnl,pww3oe939xuh5pnl,career:b864b7d1bf2235fe,Andy Valdes,R,R,C,75,210,2001-01-10,"Miami, FL",Inactive,99,idahofallschukars
2026,0eombwi82t3ixrxs,0eombwi82t3ixrxs,career:9b97ab74720d001e,Abe Valdez,R,R,C,71,200,1997-12-02,,Inactive,99,idahofallschukars
2026,8g367o4pxzroftgs,8g367o4pxzroftgs,career:265abe9cc88569a3,Nate Varnier,L,L,LHP,79,165,2002-05-16,,Inactive,99,idahofallschukars
2026,rbx37hilgq5y02cy,rbx37hilgq5y02cy,career:af1f013c87d3809d,Gabriel Vasquez,L,R,OF/1B,75,205,2000-06-01,"Dallas, TX",Inactive,99,idahofallschukars
2026,eq0y081gjho45fea,eq0y081gjho45fea,career:57faba8139af1032,DJ Walker,L,R,OF,75,200,2001-12-10,,Inactive,99,idahofallschukars
2026,jm4sctbkfu25ddox,jm4sctbkfu25ddox,career:22f545d73d12ed67,Solomon Washington,R,R,P,,205,2001-05-29,,Inactive,99,idahofallschukars
2026,t0wytyl3ylepo8qy,t0wytyl3ylepo8qy,career:138d1dcc04bd734b,Anthony Mata,R,R,SS,75,170,2002-02-22,"Spring Valley, CA",Active,2,longbeachcoast
2026,upb8ab0qzbu5hz2y,upb8ab0qzbu5hz2y,career:b555f41c66d324d9,Johnny Pappas,R,R,C,70,175,,"Chino Hills, CA",Active,3,longbeachcoast
2026,830vnpp9rbd1qsvr,830vnpp9rbd1qsvr,career:4ff22b995ee1ddc6,Robert Pitts,R,R,OF,70,170,,"Los Angeles, CA",Active,4,longbeachcoast
2026,wrdn1n9n97xox2nd,wrdn1n9n97xox2nd,career:724167200d606d08,Matthew O'Brien,L,L,LHP,72,190,2004-07-21,"Simi Valley, CA",Active,5,longbeachcoast
2026,adzkvafes6h71lpg,adzkvafes6h71lpg,career:0391957de7c848c0,Jaxon Byrd,L,L,LHP/UTL,75,210,2003-06-28,"Sacramento, CA",Active,6,longbeachcoast
2026,3865oyuz5l2pj51r,3865oyuz5l2pj51r,career:cf1e34b1cef0d5c6,Eddy Pelc,L,L,OF,,205,2001-06-30,"Huntington Beach, CA",Active,7,longbeachcoast
2026,hme44hsriwdi2r0x,hme44hsriwdi2r0x,career:7fd82bd3bc95ea95,Thomas McCaffrey,R,R,C,71,205,2001-11-30,"Santa Monica, CA",Inactive,8,longbeachcoast
2026,vqkuwm8ezcpz7g4u,vqkuwm8ezcpz7g4u,career:2fcdfed87e776da1,Cuba Bess,R,R,1B,74,230,1997-09-29,"Fruita, CO",Active,9,longbeachcoast
2026,du0fj5kw3qprbslf,du0fj5kw3qprbslf,career:273259ff8d1ca7da,Tyler Young,R,R,SS,70,195,,"Doylestown, PA",Active,10,longbeachcoast
2026,quxk0ram2ev0tb3h,quxk0ram2ev0tb3h,career:6e90482c713f7e0f,Emilio Corona,R,R,CF,72,195,2002-06-06,"San Luis Obispo, CA",Active,11,longbeachcoast
2026,8juvzua386p286mi,8juvzua386p286mi,career:b784bab9e0ff486f,David Whittle,R,R,C,72,180,2004-02-21,"Moreno Valley, CA",Inactive,17,longbeachcoast
2026,7xem1bfvv5e8z39y,7xem1bfvv5e8z39y,career:e15b8052671864b4,Gary Grosjean,R,R,RHP,72,202,2000-04-30,,Active,19,longbeachcoast
2026,u09jgl6jnp8mjwqz,u09jgl6jnp8mjwqz,career:de236253201c6c1e,Jack Martin,R,R,RHP,74,190,2003-05-03,"Annadale, NJ",Active,20,longbeachcoast
2026,5vkkunmqsafkal3f,5vkkunmqsafkal3f,career:cac8e7061cf6c7b6,Spence Coffman,R,R,INF,72,190,2004-01-07,"Corinth, MS",Active,22,longbeachcoast
2026,urxa9mmchubhb8h6,urxa9mmchubhb8h6,career:6f03b5feba759382,Ryan Faulks,R,R,RHP,75,190,2002-06-18,"Rancho Santa Margarita, CA",Active,23,longbeachcoast
2026,6tchqkedqn3g4bpn,6tchqkedqn3g4bpn,career:597f384a1cb15941,Zach Voelker,R,R,RHP,73,215,2001-04-25,"Granite Bay, CA",Active,26,longbeachcoast
2026,ul6mvinxyg0iv4yg,ul6mvinxyg0iv4yg,career:6abfaa8982497ea9,Jacob Jablonski,S,R,OF / SS,74,215,1999-02-05,"Mission Hills, CA",Active,27,longbeachcoast
2026,x3z3msk7ac43ae5e,x3z3msk7ac43ae5e,career:d053f4fe54d4d7c6,Cooper Vest,R,R,OF/1B,71,205,,"St. George, UT",Active,28,longbeachcoast
2026,vdyqeggqglqcijyh,vdyqeggqglqcijyh,career:9a9b26265558a229,Jake Dixon,L,L,LHP,76,210,2000-07-05,"Clovis, CA",Active,29,longbeachcoast
2026,jpn4iq0lgbqlbqcj,jpn4iq0lgbqlbqcj,career:3727f4ffdda3abd8,Cole Percival,R,R,,77,220,1999-02-26,"Riverside, CA",Active,30,longbeachcoast
2026,vyym10foeap5tc8a,vyym10foeap5tc8a,career:1f2f3d9f1b8c1a44,Brett Wozniak,L,L,LHP,70,215,2002-01-31,"Garden Grove, CA",Injured,31,longbeachcoast
2026,wv1ggzstcd9bwz5x,wv1ggzstcd9bwz5x,career:0ceced182bd3d29a,Nick Bautista,R,R,P,73,200,,"City Terrace, CA",Active,32,longbeachcoast
2026,xueox9c2qcm21puo,xueox9c2qcm21puo,career:a18ea7f1da80e401,Nathan Hemmerling,R,R,RHP,74,210,2000-07-27,"Riverside, CA",Active,33,longbeachcoast
2026,jszdhyzbmh0veqym,jszdhyzbmh0veqym,career:507538e0339c7b88,Matthew Bardowell,R,R,OF,76,260,2002-04-13,"Fontana, CA",Active,35,longbeachcoast
2026,wcos7mqc7wolufgw,wcos7mqc7wolufgw,career:e6537a4b5885229c,Steven Ordorica,R,R,RHP,71,165,1999-01-18,"La Puente, CA",Active,50,longbeachcoast
2026,3gpxu42krrgcj6a3,3gpxu42krrgcj6a3,career:d8b0304dd9557db4,Patrick Roche Jr.,R,R,IF,72,185,2002-04-10,"Milton, MA",Inactive,85,longbeachcoast
2026,ljqveu56o3ed51gw,ljqveu56o3ed51gw,career:29db531a3db70349,Dylan Lina,R,R,3B,72,215,2004-03-19,"Carson, CA",Inactive,87,longbeachcoast
2026,eo4y1z8utlgye73g,eo4y1z8utlgye73g,career:41d745ed66637bba,Jaylen Edmonds,R,R,UTL,70,180,2000-07-04,"Fremont, CA",Inactive,89,longbeachcoast
2026,zzd0sa3w036lzj22,zzd0sa3w036lzj22,career:d2a81debb31f9876,Derek Laferriere,R,R,C,69,195,2001-02-25,"Tahoe City, CA",Inactive,90,longbeachcoast
2026,pgzu59edzgcd9im3,pgzu59edzgcd9im3,career:e5579a3dffff8a18,Liam Rocha,R,R,RHP,75,200,2002-05-08,"Baldwin Park, CA",Inactive,91,longbeachcoast
2026,3r0d4rk578xsulb6,3r0d4rk578xsulb6,career:902f14296be453b7,Julien Hernandez,R,R,RHP,73,195,2002-05-12,"Palo Alto, CA",Inactive,92,longbeachcoast
2026,sacldnllnq5007zm,sacldnllnq5007zm,career:66f6bcdf362bcaf8,Ricky Tibbett,R,R,RHP,74,190,2001-03-04,"Chula Vista, CA",Inactive,94,longbeachcoast
2026,qhmzc4wdrc26594u,qhmzc4wdrc26594u,career:802522cb8668a310,Paul Winland Jr.,R,R,3B,75,210,2001-12-10,"Beaufort, CA",Inactive,95,longbeachcoast
2026,nuy175444jhubmry,nuy175444jhubmry,career:d9f8b260c69b8299,Jean Reyes,R,R,RHP,71,165,,San Felix,Inactive,96,longbeachcoast
2026,mpb32zr8sz7ubiyw,mpb32zr8sz7ubiyw,career:dd82cb80841d7908,Cole Cressend,R,R,RHP,75,200,2002-08-16,"Mandeville, LA",Inactive,97,longbeachcoast
2026,byob626s3y2qtgmj,byob626s3y2qtgmj,career:01b1971963778319,Conner Gleissner,L,L,,70,177,2002-11-13,"Goleta, CA",Inactive,98,longbeachcoast
2026,p2w9sx75b8r25jmk,p2w9sx75b8r25jmk,career:90d72081c70ff54e,Michael Koszewski,L,L,OF,70,190,,"La Grange, IL",Active,1,missoulapaddleheads
2026,widh2653g4rul3u2,widh2653g4rul3u2,career:32f6d784cee23117,Ty Yukumoto,L,R,2B,68,165,2003-05-10,",",Active,2,missoulapaddleheads
2026,rfb5k9ztocuuy6r7,rfb5k9ztocuuy6r7,career:517be5a9692557df,Enzo Apodaca,L,L,OF,67,195,,"Scottsdale, AZ",Active,3,missoulapaddleheads
2026,luhh4geplba01e05,luhh4geplba01e05,career:6a814048a90e7fec,Michael Ball,R,R,IF,70,190,2001-10-10,",",Active,4,missoulapaddleheads
2026,4ge6oa4jcwdh2da1,4ge6oa4jcwdh2da1,career:ca0114404e3d2471,Nate Vargas,L,R,,75,215,2003-04-21,"Sacramento, CA",Active,5,missoulapaddleheads
2026,f75cvfkdrtbyc313,f75cvfkdrtbyc313,career:0486529e04eeeb60,Xavier Casserilla,R,R,3B,71,225,,,Active,6,missoulapaddleheads
2026,aiqzwlp2f5yyasgu,aiqzwlp2f5yyasgu,career:edc09115ed7184f4,William Bermudez,S,R,IF,68,185,2001-09-13,"Whittier, CA",Active,8,missoulapaddleheads
2026,omath01bhx0lekah,omath01bhx0lekah,career:d1a8013282a76e9f,Ryan Wentz,R,R,P,75,215,2002-03-18,"West Covina, CA",Active,9,missoulapaddleheads
2026,z2m9mifo7crouq5z,z2m9mifo7crouq5z,career:2fc0d04b8b30cf32,Grant Garza,R,R,P,73,185,2000-09-20,"Missouri City, TX",Active,11,missoulapaddleheads
2026,1xorg2l0v9lraecu,1xorg2l0v9lraecu,career:1a3820ff8e7b12f2,Nich Klemp,R,R,C,71,185,,"Everett, WA",Active,13,missoulapaddleheads
2026,wx89ivvo25f8w7hw,wx89ivvo25f8w7hw,career:59ec70def14382df,Derick Andiarena,R,R,OF,73,195,,",",Active,14,missoulapaddleheads
2026,xy6u5oj9pdzi64sg,xy6u5oj9pdzi64sg,career:bb6746c8dea5c529,Ritter Steinman,R,R,P,75,195,2002-06-02,",",Active,15,missoulapaddleheads
2026,n7ekoicpschu3ueo,n7ekoicpschu3ueo,career:00ac1f690d946096,Cameron Goffar,R,R,P,74,200,2002-07-17,",",Inactive,17,missoulapaddleheads
2026,ompu2i3k9wnukvob,ompu2i3k9wnukvob,career:0137fbc1ed0a6a57,Bryce Cermenelli,L,R,P,68,195,,",",Active,18,missoulapaddleheads
2026,aj0u2wqt1z6um095,aj0u2wqt1z6um095,career:21dfc8451cd1423f,Zack Stewart,L,R,,74,220,2003-07-30,"Springfield, MO",Inactive,20,missoulapaddleheads
2026,j9dvrin6w7xgeglb,j9dvrin6w7xgeglb,career:99b09611e6549eed,Jaren Jackson,L,L,P,75,225,2000-09-28,",",Active,21,missoulapaddleheads
2026,8fcaetkdwsfkn1wq,8fcaetkdwsfkn1wq,career:d14bd4691f2c2fb1,Peyton Walters,,,,73,185,2002-02-17,,Inactive,23,missoulapaddleheads
2026,dac4sfhr54b4mala,dac4sfhr54b4mala,career:977290f1f24d4be6,Mark Timmins,R,R,P,74,205,1998-05-12,"Omaha, NE",Injured,26,missoulapaddleheads
2026,zmop3kj40l8uoirm,zmop3kj40l8uoirm,career:26094dcf25840141,Josh Johnson,R,R,P,74,190,2002-05-24,"Las Vegas, NV",Active,28,missoulapaddleheads
2026,vmg2p3yxrn2razhg,vmg2p3yxrn2razhg,career:d57b2e734b784b61,Brendan Beard,R,R,P,77,210,2001-05-09,"New Waverly, TX",Active,30,missoulapaddleheads
2026,v6ip0u29ptrrqfob,v6ip0u29ptrrqfob,career:0ec87e9d45bd068b,Daniel Tauken,L,R,OF,75,215,2001-08-28,",",Active,33,missoulapaddleheads
2026,x1ku6e1x2phxjjd8,x1ku6e1x2phxjjd8,career:59ffec56ab8b3228,Brock Lambert,R,R,P,76,200,2003-06-17,"Shreveport, LA",Active,37,missoulapaddleheads
2026,323qm342jm45zzbl,323qm342jm45zzbl,career:2c661c2ac2daf427,Thomas Reisinger,R,R,P,75,215,,"Kulpmont, PA",Active,38,missoulapaddleheads
2026,q6z9m8o366x502gy,q6z9m8o366x502gy,career:4e0f58b75a19fdad,Sergio Gutierrez,S,R,C,73,195,,,Active,39,missoulapaddleheads
2026,st9dm78s4lqttdke,st9dm78s4lqttdke,career:f7d7b34295f1631d,Matthew Taubensee,S,L,P,77,240,2000-01-20,", --",Active,45,missoulapaddleheads
2026,mak22par5gx0o8c5,mak22par5gx0o8c5,career:c7055d34d7dd7b5a,Jacob Lojewski,R,R,C/INF,70,192,2001-11-16,",",Injured,1,modestoroadsters
2026,jh4z38klq36s7u7a,jh4z38klq36s7u7a,career:9c7a5db3273be01e,Joey Mazzetti,R,R,RHP,75,220,2001-07-11,",",Inactive,2,modestoroadsters
2026,9ajj8xjshpjwjn96,9ajj8xjshpjwjn96,career:91f4a96f9dbc02c1,Johan Castillo,L,L,LHP,71,190,2000-04-26,",",Active,3,modestoroadsters
2026,agdxnjlx8ke8ch1x,agdxnjlx8ke8ch1x,career:32c3e97aaa8d607d,Devyn Hernandez,R,R,RHP,73,185,,",",Active,4,modestoroadsters
2026,88o3xkuj8uvs17ac,88o3xkuj8uvs17ac,career:f77718316e05981a,Justin Boyd,R,R,OF,72,191,2001-03-30,"Littleton, CO",Active,7,modestoroadsters
2026,5m17u858pgtvklh8,5m17u858pgtvklh8,career:639da49bd375cbbf,Omar Serrano,R,R,RHP,75,205,2002-12-23,"South Gate, CA",Active,8,modestoroadsters
2026,3mj42b73jjt574d7,3mj42b73jjt574d7,career:d02d66436619a013,Cole Tremain,R,R,RHP,73,200,2001-09-05,"Folsom, CA",Active,9,modestoroadsters
2026,n2rv65h9xsbpnwtv,n2rv65h9xsbpnwtv,career:f0ab42cca66d0cb4,Blake Smith,R,R,RHP,73,215,,"Olympia, WA",Active,10,modestoroadsters
2026,nvqbn0aepy9l4n3k,nvqbn0aepy9l4n3k,career:39b26bcd9ece0397,Bryce Cannon,L,L,UTL,76,194,2002-05-24,",",Active,11,modestoroadsters
2026,gece0gqd5zskx8y6,gece0gqd5zskx8y6,career:86a35d0c90906311,Tyler Williams,R,R,OF,75,200,,,Active,12,modestoroadsters
2026,1wpqlf03z4oqgcsg,1wpqlf03z4oqgcsg,career:395f691da1e459a0,Lucas Alaniz,R,R,RHP,72,189,2002-06-27,"Hughson, CA",Active,13,modestoroadsters
2026,i8zlty1bwdj1tz3d,i8zlty1bwdj1tz3d,career:c28a372fadf558ac,Ethan Roarke,R,R,RHP,77,230,2002-01-05,"Tyler, TX",Injured,16,modestoroadsters
2026,n7whb4o7sz53n79h,n7whb4o7sz53n79h,career:2103ca207914e20e,Kingston Liniak,R,R,OF,74,205,1999-11-11,,Active,20,modestoroadsters
2026,dhom60hfa5q8nmnw,dhom60hfa5q8nmnw,career:1afa88eb81db9ec0,Osiris Johnson,R,R,SS,73,219,2000-10-18,",",Active,21,modestoroadsters
2026,xvgweeu3cj86a3x8,xvgweeu3cj86a3x8,career:e90cd9d347b1cb7b,Anthony Diaz,R,R,RHP,71,222,2000-07-13,"Fontana, CA",Active,22,modestoroadsters
2026,jubt433kbyomhqfs,jubt433kbyomhqfs,career:73da8d40e109c53b,Aaron Moreno,R,R,RHP,74,210,2001-11-02,", La Verne",Inactive,23,modestoroadsters
2026,1gsdank0spyehi3r,1gsdank0spyehi3r,career:655a481129e4471f,Logan Sutter,R,R,INF,73,213,,,Active,25,modestoroadsters
2026,bs0hkxgtv577161k,bs0hkxgtv577161k,career:a8bd863b7659de40,Dawson Goines,R,R,RHP,76,232,,",",Active,29,modestoroadsters
2026,d628j5hp7l03584f,d628j5hp7l03584f,career:bdefffce33e5fc40,Jonah Jenkins,R,R,RHP,74,213,1999-01-20,",",Active,30,modestoroadsters
2026,tt52p0jjs3r34gfv,tt52p0jjs3r34gfv,career:c157fc1ba9f3d039,Corbin Talley,L,L,LHP,75,190,2002-04-22,",",Active,32,modestoroadsters
2026,hzfyq4btd6q6chqv,hzfyq4btd6q6chqv,career:8ff452fa497e8e87,Hayden Dunhurst,L,R,C,70,226,2000-09-19,",",Active,34,modestoroadsters
2026,2y16esu8w84t2090,2y16esu8w84t2090,career:2bbe3e2773baae04,Max Handron,L,R,3B,70,178,2001-02-23,",",Injured,36,modestoroadsters
2026,ndi53xj7l3om3m89,ndi53xj7l3om3m89,career:aa36c6f0e48aa203,Nik Cardinal,R,R,RHP,72,225,1997-03-08,",",Inactive,99,modestoroadsters
2026,n9brn6j69ico1954,n9brn6j69ico1954,career:f9b157aa6d063163,Byungyong Choi,L,R,INF,75,218,2002-04-30,",",Inactive,99,modestoroadsters
2026,kqo1q810i4wa6kxk,kqo1q810i4wa6kxk,career:d6adea2ee20e5bb7,David Domis,L,L,LHP,73,194,2002-11-06,",",Inactive,99,modestoroadsters
2026,tkdaiogzfgtm9siw,tkdaiogzfgtm9siw,career:27356d761caae06d,Gabe Emmett,R,R,RHP,77,224,2001-05-21,",",Inactive,99,modestoroadsters
2026,b59fhyr7vjssr2qm,b59fhyr7vjssr2qm,career:b61827751ef7c3fa,Will Fazio,R,L,LHP,72,217,2002-08-26,",",Inactive,99,modestoroadsters
2026,96r2987zq83un2x5,96r2987zq83un2x5,career:8e871d5cb27ec790,Jesse Galindo,R,R,RHP,73,212,1998-03-13,",",Inactive,99,modestoroadsters
2026,7j10hhc6qow66o2z,7j10hhc6qow66o2z,career:b30c9cd237c54afd,Cooper Garrison,R,R,RHP,71,146,2004-06-14,",",Inactive,99,modestoroadsters
2026,si8cg6t1pnyul1f5,si8cg6t1pnyul1f5,career:38b2585365d81352,Preston Kelly,R,R,RHP,70,190,2001-05-12,,Inactive,99,modestoroadsters
2026,o6bvrqg01twprwuq,o6bvrqg01twprwuq,career:8e5d49af36560367,Lex Meinderts,R,R,RHP,73,185,,"Shreveport, LA",Inactive,99,modestoroadsters
2026,myvbodhng61elxyz,myvbodhng61elxyz,career:1123d204563990de,Michael Mugan,R,R,OF,70,180,2002-05-02,,Inactive,99,modestoroadsters
2026,yg7dj2dpafbcobew,yg7dj2dpafbcobew,career:9335fd1e9e8911f2,Harry Owen,R,R,C,75,222,2002-03-07,",",Inactive,99,modestoroadsters
2026,c5t2vskn36sbyjy5,c5t2vskn36sbyjy5,career:53fb52589d82f680,Tom Peltier,L,L,LHP,74,203,2001-04-08,",",Inactive,99,modestoroadsters
2026,gunbzatple7pbvus,gunbzatple7pbvus,career:36654e2d5f8bafb9,Isaac Pena,R,R,INF,70,204,2003-12-27,",",Inactive,99,modestoroadsters
2026,s80y3mnebkgrwuzi,s80y3mnebkgrwuzi,career:812671772c85de41,Mikey Perez,R,R,UTL,71,196,1999-08-24,",",Inactive,99,modestoroadsters
2026,1tnuch8i0chjm8en,1tnuch8i0chjm8en,career:285ea3514fae0695,Rane Pfeifer,R,R,RHP,75,201,1999-05-10,",",Inactive,99,modestoroadsters
2026,4ttfk5yq362sqyl6,4ttfk5yq362sqyl6,career:f85315cd7bf85dc2,Payton Rios,L,R,C,69,190,2000-05-09,",",Inactive,99,modestoroadsters
2026,gex725wdtuecokbi,gex725wdtuecokbi,career:28751a91bc893472,Dom Rodriguez,R,R,UTL,75,215,2003-03-28,,Inactive,99,modestoroadsters
2026,zafnld3c7gae8ow8,zafnld3c7gae8ow8,career:15cd4e77305b38e7,Jonah Sebring,R,R,UTL,71,173,2001-03-19,",",Inactive,99,modestoroadsters
2026,mbtphzl1ggh7htxk,mbtphzl1ggh7htxk,career:ffde539303a6f018,Josh Swales,R,R,RHP,73,209,,,Inactive,99,modestoroadsters
2026,zomcthbuj1lvcadl,zomcthbuj1lvcadl,career:9711d69bd414d226,Vance Tobol,R,R,OF,73,221,2002-05-24,",",Inactive,99,modestoroadsters
2026,u83q216ly8jgh7ob,u83q216ly8jgh7ob,career:18dc5a8c3a6eabde,Langston Burkett,R,R,P,78,250,2005-04-02,"Santa Cruz, CA",Injured,0,oaklandballers
2026,6tyejjh3pgva2r8z,6tyejjh3pgva2r8z,career:73af8762a5ca6dfc,Tremayne Cobb,R,R,INF,,195,2001-09-17,"Upper Marlboro, MD",Injured,3,oaklandballers
2026,axaqcwd6178obd99,axaqcwd6178obd99,career:4d0a9ed3a828c08c,TJ Rogers,R,R,INF,74,190,,"Sparks, NV",Active,6,oaklandballers
2026,x7t53cmcoql5dp9c,x7t53cmcoql5dp9c,career:ca535cb8b4b57a64,Jaden Sheppard,R,R,INF,,234,2001-05-04,"Pleasanton, CA",Inactive,6,oaklandballers
2026,xzjn8n013w5tftyv,xzjn8n013w5tftyv,career:9ab6d82b16b6ad65,Brendan O'Sullivan,R,R,INF,,190,,,Active,8,oaklandballers
2026,pockxe9pfd6nua32,pockxe9pfd6nua32,career:9b1624c53023d559,Esai Santos,L,R,UTIL,,170,2000-11-04,"Berkeley, CA",Active,9,oaklandballers
2026,1469bieni4ozou07,1469bieni4ozou07,career:11b207ac6bd1d13e,Tristan Moore,L,L,OF,74,225,,"San Diego, CA",Active,10,oaklandballers
2026,2a3fi4fzl2f3kxw4,2a3fi4fzl2f3kxw4,career:9e44814124d5b6d9,Reed Butz,L,L,LHP,74,215,1998-11-16,"Tula, OK",Active,11,oaklandballers
2026,bfbff9lv7bpfzuwj,bfbff9lv7bpfzuwj,career:b5ba016ccf1c4bca,Tyler Bates,L,L,P,70,180,,"Bryant, AR",Active,13,oaklandballers
2026,c5at8f2oieorql60,c5at8f2oieorql60,career:3bf0455978d1e6e7,Jeter Ybarra,L,R,INF,,205,2002-03-13,"San Jose, CA",Active,16,oaklandballers
2026,gr7culcay54as84s,gr7culcay54as84s,career:2a2ce2c7324267e6,Brady Chavez,R,R,P,,,,",",Active,17,oaklandballers
2026,21enb2jzflbv60aq,21enb2jzflbv60aq,career:8ad3916cce43e004,Jacoby Long,R,R,OF,,200,2002-06-26,"Palm Beach Gardens, FL",Inactive,17,oaklandballers
2026,g3ot5lbmuf5s94ce,g3ot5lbmuf5s94ce,career:4700e994852897b3,Jaden Collura,L,R,C,,190,2002-09-20,"Hammond, LA",Active,18,oaklandballers
2026,3tbz6whk1bfbxh5p,3tbz6whk1bfbxh5p,career:b4b12e583c39588c,Ren Abe-Arias,R,R,RHP,67,166,,"Yamagata, Japan",Active,19,oaklandballers
2026,9xnseqc76qeqs6s4,9xnseqc76qeqs6s4,career:84b033e83ffaf479,Joel Tornero,L,L,LHP,,205,2001-01-03,"Covina, CA",Inactive,20,oaklandballers
2026,jx26vjvq2ewlnfnd,jx26vjvq2ewlnfnd,career:0b83a3eb3be55777,Charlie Hurley,R,R,P,80,225,2002-02-21,"Sacramento, CA",Inactive,22,oaklandballers
2026,ly42v4qy0of9uuxa,ly42v4qy0of9uuxa,career:ae66182a7512e5aa,Nick Leehey,R,R,INF,,200,2003-02-07,"Newbury Park, CA",Active,23,oaklandballers
2026,fsg8xwia78d3udz8,fsg8xwia78d3udz8,career:7980826653f9164b,Valek Cisneros,R,R,P,,230,2000-07-11,"Clinton, OK",Active,26,oaklandballers
2026,5w7du1822fw3aj3e,5w7du1822fw3aj3e,career:4b39c623872489c0,Noah Blythe,R,R,OF,,210,2002-09-09,"Santa Clarita, CA",Active,27,oaklandballers
2026,thf9wl57zjlqqbod,thf9wl57zjlqqbod,career:a5fc61f4986e7a01,Griffin Smith,R,R,P,74,195,2004-05-29,"Appleton, WI",Injured,29,oaklandballers
2026,rwgcausc27y30wl5,rwgcausc27y30wl5,career:b1e0218cd99ff83d,Justin Trimble,L,R,INF,,230,2003-06-21,"Arroyo Grande, CA",Inactive,29,oaklandballers
2026,es7cy9vc7vi8hv3b,es7cy9vc7vi8hv3b,career:51e4c259168914ea,David Clarke,R,R,P,,200,1999-05-08,Palo Alto,Inactive,30,oaklandballers
2026,zdv0uneuwgqardr5,zdv0uneuwgqardr5,career:bbbc6b21e0aad698,Aidan Risse,R,R,P,75,195,2002-03-30,"San Diego, CA",Inactive,31,oaklandballers
2026,f2g0dgtvhc3mm3q3,f2g0dgtvhc3mm3q3,career:22614476a0c9343c,Mitchell Sanford,L,R,OF,74,205,,"Berwick, LA",Active,31,oaklandballers
2026,k42ybixcq3ckpmr2,k42ybixcq3ckpmr2,career:615d52401edc23f2,Hunter Day,R,R,P,74,190,2002-05-21,"Burnsville, MN",Active,32,oaklandballers
2026,71ryu6mjb41sc5as,71ryu6mjb41sc5as,career:e9fd03075f56e150,Nathan Darden,R,R,P,72,205,,"Rowlett, TX",Active,33,oaklandballers
2026,anqwislsmg1sa1kp,anqwislsmg1sa1kp,career:06bfa5779e441d46,Braydon Nelson,R,R,P,,220,1998-10-01,"Brecksville, OH",Inactive,33,oaklandballers
2026,pxyni2ww3twx55xe,pxyni2ww3twx55xe,career:bcac7d28add4e46f,Brock Mayer,R,R,P,,,,"Torrance, CA",Active,38,oaklandballers
2026,j9cm2pj0bo7460mc,j9cm2pj0bo7460mc,career:8521ac6251c4bcdd,Austin Balentine,R,R,P,,,2002-10-04,",",Inactive,39,oaklandballers
2026,i1psbwktxm0o554g,i1psbwktxm0o554g,career:91d3b560a6c17a69,Jake Tirk,R,R,P,,205,2003-10-20,"Novato, CA",Inactive,39,oaklandballers
2026,3t6uy37k3h2gqggr,3t6uy37k3h2gqggr,career:ac6bcfe5593e8f59,Conner Smith,R,R,C,75,215,,"Rocklin, CA",Active,40,oaklandballers
2026,m1iqbvdwayvmgei8,m1iqbvdwayvmgei8,career:530e351fe54912b9,Campbell Spradling,R,L,P,,215,2002-07-29,"Cincinnati, OH",Inactive,40,oaklandballers
2026,x4wp1i902yhejkek,x4wp1i902yhejkek,career:c8bfcc475de6e26d,Gabe Tanner,R,R,P,,225,2001-10-06,"Danville, CA",Inactive,57,oaklandballers
2026,4wq5cjcl7qx8k41p,4wq5cjcl7qx8k41p,career:130bbce41f6ff5fa,Paul Winland,L,R,INF,74,210,,"Beaufort, CA",Inactive,60,oaklandballers
2026,ix3pddvfovgfw5vm,ix3pddvfovgfw5vm,career:18dc6b423c9a92b1,Jake Allgeyer,S,R,INF,,200,2002-01-22,"Channahon, IL",Inactive,65,oaklandballers
2026,b9rvuohpqkybze8a,b9rvuohpqkybze8a,career:c33caaa2d339de7a,Myles Beale,R,R,OF,,,2002-02-11,",",Inactive,69,oaklandballers
2026,lzjofqe1dtaczmw1,lzjofqe1dtaczmw1,career:543c1d998b9b115e,Jacob Petersheim,R,R,P,,,2003-08-15,",",Inactive,70,oaklandballers
2026,mqdcsnthll43eapk,mqdcsnthll43eapk,career:46657ed3094e0b4b,Cam Bufford,R,R,UTIL,75,195,2001-08-29,"Chicago, IL",Injured,71,oaklandballers
2026,ri8f1dtl5o572qlz,ri8f1dtl5o572qlz,career:7d5e56f59b8fb9df,Jake Villar,L,L,P,,175,2003-07-24,"Torrance, CA",Inactive,74,oaklandballers
2026,esrt93s6ip2qd7db,esrt93s6ip2qd7db,career:a018161a26f89e53,Liam Plunkett,R,R,Bowler,,,1985-04-06,",",Inactive,75,oaklandballers
2026,8vzpzra30wzn7i72,8vzpzra30wzn7i72,career:26523472f29a1392,Derek Murphy,R,R,P,,200,2004-06-28,"Gardena, CA",Inactive,77,oaklandballers
2026,3hc0bzljsd78nlqo,3hc0bzljsd78nlqo,career:64d7e41e50c48473,CJ Blowers,R,L,P,,230,1996-09-21,"Graham, WA",Inactive,78,oaklandballers
2026,q4rvc9kwernahmjd,q4rvc9kwernahmjd,career:6b07cfbee27f137e,Dylan Delvecchio,R,L,P,72,195,2001-06-09,,Inactive,79,oaklandballers
2026,nlr2oyodlih56djr,nlr2oyodlih56djr,career:6578d7541505f54a,Matt Lozovoy,R,R,P,75,200,2000-06-09,"Novato, CA",Inactive,80,oaklandballers
2026,hi5ihdr7y2g6cr27,hi5ihdr7y2g6cr27,career:9942f4fed7101fa4,Tyler Lozano,R,R,C,,,2000-04-26,,Inactive,82,oaklandballers
2026,brxr2v4ftnwfkxcu,brxr2v4ftnwfkxcu,career:fd3f4d378a212333,Liam Rocha,R,R,P,75,195,2002-05-08,"San Dimas, CA",Inactive,82,oaklandballers
2026,nruqfdzi97yn7mgm,nruqfdzi97yn7mgm,career:7e8f6702d92fb5ce,Connor Godwin,R,R,P,76,205,2002-03-26,"Horseheads, NY",Inactive,83,oaklandballers
2026,479z0zo65df8trgo,479z0zo65df8trgo,career:b627b342ad628969,Michael Riley,R,R,P,,208,2002-06-01,"Scottsdale, AZ",Inactive,86,oaklandballers
2026,0y61gswma9su7259,0y61gswma9su7259,career:6f9638e6d6592974,Matthew Maloney,R,R,P,,230,2001-01-23,"Huntington Beach, CA",Inactive,88,oaklandballers
2026,384jrq0e7wdtqkeb,384jrq0e7wdtqkeb,career:4c0e68a458683423,Damian Stone,L,R,OF,71,185,2002-04-25,,Inactive,88,oaklandballers
2026,egpgl9ipmtp64g3u,egpgl9ipmtp64g3u,career:1bb6c5a86da3fcde,Davis Drewek,L,R,UTIL,75,195,2001-03-04,"Katy, TX",Inactive,91,oaklandballers
2026,c9iwcfhkvqo8ohll,c9iwcfhkvqo8ohll,career:08d2a66a05221bf8,Blake Barker,R,L,P,72,225,2003-04-13,,Inactive,98,oaklandballers
2026,gr6hc7uwpf7ydlld,gr6hc7uwpf7ydlld,career:e945ce913d56450d,Cole Jordan,R,R,UTL,70,193,2000-07-06,,Active,3,ogdenraptors
2026,xquhxrmyo0l8289b,xquhxrmyo0l8289b,career:2835a32b25484d61,Chase Valentine,R,R,INF,71,185,,"Phoenix, AZ",Active,5,ogdenraptors
2026,zzncfnoqgsrue6nh,zzncfnoqgsrue6nh,career:ef81fe2b0ec4acdd,Bradley Pelle,L,L,OF,,188,,"Kenner, LA",Active,8,ogdenraptors
2026,k9vdig7kebm5gypw,k9vdig7kebm5gypw,career:c29eb33135b15997,Carmine Lane,R,R,INF,73,211,,"Lakeland, FL",Active,9,ogdenraptors
2026,feiqfp9kwgceo5b5,feiqfp9kwgceo5b5,career:4c2132a357ee0785,Kyler Stancato,L,L,OF,75,210,2002-03-29,"University Place, WA",Injured,10,ogdenraptors
2026,bshylc18lg52abvj,bshylc18lg52abvj,career:8d3810cd31d31146,Nico Saltaformaggio,R,R,PHP,72,200,,"Destrehan, --",Active,12,ogdenraptors
2026,c9jl6o52w04y3bul,c9jl6o52w04y3bul,career:a2ada539b03b7096,Tyler Ganus,R,R,INF/OF,73,195,,"Los Angeles, CA",Active,13,ogdenraptors
2026,08akdq6wogfje5in,08akdq6wogfje5in,career:f6fdb326ba3c1c9d,Sebastian Greico,L,R,1B,75,220,2001-05-08,"Tampa, FL",Inactive,16,ogdenraptors
2026,80g5jsciedvhhx4y,80g5jsciedvhhx4y,career:a2ca1c3351a05cc7,Chase Chatman,L,L,LHP,72,195,2001-05-30,,Active,17,ogdenraptors
2026,tgavkfxxueqkk9uu,tgavkfxxueqkk9uu,career:8ca80d5edea8661f,Dylan Wilkinson,L,R,INF,70,185,,"Fairfax, VA",Active,21,ogdenraptors
2026,gnadd4vwbidgzbt4,gnadd4vwbidgzbt4,career:6e16647c09a545d9,Landon Riley,R,R,RHP,77,175,2002-10-15,"Bakersfield, CA",Inactive,22,ogdenraptors
2026,xyjc5ook5v56f4zq,xyjc5ook5v56f4zq,career:66b460c574d2910a,Jason Schaaf,S,R,RHP,71,195,,,Active,26,ogdenraptors
2026,rqzsvpqzbpma4rdo,rqzsvpqzbpma4rdo,career:707fed2db7148655,Harper McLendon,R,R,RHP,71,185,2002-08-16,"Thomasville, Georgia",Inactive,27,ogdenraptors
2026,c39wctpfxyg1jncm,c39wctpfxyg1jncm,career:402f17ca156165a2,Carson Kelly,L,L,LHP,72,165,2004-10-06,"Tallahassee, Florida",Inactive,28,ogdenraptors
2026,oumqix0pv1jk5cc8,oumqix0pv1jk5cc8,career:15bce675c6d30824,Parker McMan,R,R,P,75,210,2001-08-09,,Active,29,ogdenraptors
2026,g127oihthm7u213b,g127oihthm7u213b,career:9d5e55f8de3ab9e9,Garrett Bevacqua,L,R,OF,75,195,2001-01-24,"Carlsbad, CA",Active,30,ogdenraptors
2026,lp6bhcz0ujgu976p,lp6bhcz0ujgu976p,career:5d52179d309b0cdf,Jose Ballista,R,R,Relief Pitcher,69,210,,"Valverde, DR",Active,31,ogdenraptors
2026,vpyyqv9oa2l1h9oq,vpyyqv9oa2l1h9oq,career:4e29146210e783c8,Kaden Kneip,R,R,RHP,70,180,2001-09-06,"Atlanta, GA",Inactive,35,ogdenraptors
2026,5ewt5n0h69qgtyll,5ewt5n0h69qgtyll,career:070f037c5bbf6703,Colson Lawrence,R,R,OF,77,220,,"Hoover, AL",Active,36,ogdenraptors
2026,1dawtwc97jiqcvj5,1dawtwc97jiqcvj5,career:13f42eeee6c65dac,Kyle Lewis,R,R,RHP,76,215,2002-10-02,"Ashburn, VA",Active,37,ogdenraptors
2026,t2f4c401rbe074r5,t2f4c401rbe074r5,career:5d492fd485e891f0,Dylan Gardner,R,R,RHP,77,210,,"Meridian, ID",Active,38,ogdenraptors
2026,w35yo7ugxtyq7fvm,w35yo7ugxtyq7fvm,career:ba99e4fb0b945dd8,Giuseppe Ferraro-Nahr,R,R,INF,75,215,,"Ft. Lauderdale, FL",Active,44,ogdenraptors
2026,6mh1xbww2jjfxiti,6mh1xbww2jjfxiti,career:bd332c91dcccf1f7,Hank Dodson,R,R,C,72,200,2001-01-18,"Greensboro, NC",Active,48,ogdenraptors
2026,27uv3n0p4lmrt6ld,27uv3n0p4lmrt6ld,career:c94943b1f7e7d98b,Caleb Bunch,R,R,RHP,77,230,,,Active,54,ogdenraptors
2026,lz5xd3mpq7l3pbu6,lz5xd3mpq7l3pbu6,career:9b6fe58646f0572e,Tyler Stone,L,R,,74,235,2001-10-23,"Mesa, AZ",Active,55,ogdenraptors
2026,9fyn82nezu2y6wyk,9fyn82nezu2y6wyk,career:a7a9680fa1d31833,Nolan Ficklin,L,L,LHP,71,175,,"St. George, UT",Inactive,70,ogdenraptors
2026,k4j9g1eot71yd7ym,k4j9g1eot71yd7ym,career:f4aecf4c9f052aeb,Aiden Shumaker,R,R,RHP,72,175,2003-11-23,,Inactive,72,ogdenraptors
2026,xbldpmxkii8eua3w,xbldpmxkii8eua3w,career:225c1d66fb705eab,Max Miller,R,R,RHP,74,220,2002-10-25,,Inactive,80,ogdenraptors
2026,y7ap1r082m6bwv82,y7ap1r082m6bwv82,career:631ef5e497a2139c,Lucas Boesen,R,R,P,72,205,,,Inactive,87,ogdenraptors
2026,zkgbtxajk7hd8gt0,zkgbtxajk7hd8gt0,career:987be2a18c454615,Micah Del Rio,R,R,pitcher,72,175,2001-05-09,,Inactive,89,ogdenraptors
2026,0sjyggrwhd0m4h0q,0sjyggrwhd0m4h0q,career:3615e870dcb41e01,Yordy Richard,R,R,RHP,74,218,,"West Palm Beach , FL",Inactive,90,ogdenraptors
2026,1yxmy4qllp41uk40,1yxmy4qllp41uk40,career:d79b92d928b58a62,Dylan Fesperman,R,R,INF,76,225,,"Phoenix, AZ",Inactive,91,ogdenraptors
2026,apdgcnj1d4hc53q7,apdgcnj1d4hc53q7,career:967be530b6dc5937,Miles Garrett,R,R,RHP,70,180,,"Atlanta, GA",Inactive,92,ogdenraptors
2026,8mvjfp6eqdrocfky,8mvjfp6eqdrocfky,career:7ddebdec965e2186,Tyler Gilligan,L,R,C/OF,70,185,,"Ringwood, NJ",Inactive,93,ogdenraptors
2026,oxtezz1yml5p94gb,oxtezz1yml5p94gb,career:5819fae7b31ff4ad,Kade Linn,R,R,RHP,70,205,2003-06-05,,Inactive,94,ogdenraptors
2026,9fd0f6e8nzrkinfk,9fd0f6e8nzrkinfk,career:6aaa3fa14f62a381,Kalean Racculia,R,R,RHP,75,180,,"Atlanta, GA",Inactive,95,ogdenraptors
2026,6j4m1wnvh1p4dkou,6j4m1wnvh1p4dkou,career:cfbd655d74bfcffc,Ethan Brown,R,L,LHP,74,210,,,Inactive,96,ogdenraptors
2026,h3bqtn616zaqp5sa,h3bqtn616zaqp5sa,career:808e77a05a9b9100,Hunter Edwards,R,R,RHP,80,245,2003-07-09,,Inactive,97,ogdenraptors
2026,6tqadhdac2h2i4xi,6tqadhdac2h2i4xi,career:c625b3b9ade4f8a0,Eric Sim,R,R,DH,,,,,Inactive,98,ogdenraptors
2026,zn12rbetcvljf388,zn12rbetcvljf388,career:093d1922aa02b2c6,Chance Wallace,R,L,P,72,200,2003-05-27,,Inactive,99,ogdenraptors
2026,t5ekisg5xivt9y41,t5ekisg5xivt9y41,career:c8037c82c4c1bd00,Adam Christopher,R,R,RHP,75,165,,,Active,1,redpocketmobiles
2026,u8z6xhtakkbtpgzz,u8z6xhtakkbtpgzz,career:5d12571bc99fccdf,Gianni Horvat,R,R,INF,69,175,2002-07-21,"Valencia, CA",Active,2,redpocketmobiles
2026,t15lgnz42m0jfdpd,t15lgnz42m0jfdpd,career:cfb1b09305ae345f,Ubaldo Romo,R,R,RHP,71,190,1998-07-25,"Modesto, CA",Active,3,redpocketmobiles
2026,hyk5qlowzpq4k9k0,hyk5qlowzpq4k9k0,career:65419f071bc8e440,Maxim Fullerton,L,R,OF,74,,2001-04-01,",",Active,4,redpocketmobiles
2026,mrv7xjl6my762lbr,mrv7xjl6my762lbr,career:8cb92c1b9218e6bb,"Royce Clayton, Jr.",R,R,UTL,70,175,,"Westlake Village, CA",Active,5,redpocketmobiles
2026,7dimdfsvnuw6wx56,7dimdfsvnuw6wx56,career:ea89caaad90b80f2,Sean Becker,R,R,INF,73,185,,"Evansville, Indiana",Active,7,redpocketmobiles
2026,yw3lkr0z45glskja,yw3lkr0z45glskja,career:9d3b2ed1583ac7c5,Nick Poss,R,R,C,70,190,,"Discovery Bay, CA",Active,9,redpocketmobiles
2026,760qtmpnnbladwd1,760qtmpnnbladwd1,career:35098cf0e1ad90f6,Kishon Frett,R,R,OF,74,225,2002-01-14,,Active,14,redpocketmobiles
2026,9b358hg1798rpztd,9b358hg1798rpztd,career:771578960fb97174,T.J. McKenzie,R,R,OF,72,190,2000-09-24,"New York, NY",Active,18,redpocketmobiles
2026,m7cpl0qijp8l3yjs,m7cpl0qijp8l3yjs,career:49730ab41c459f52,Josiah Chavez,L,R,C,73,200,2003-01-20,"Santa Paula, CA",Active,21,redpocketmobiles
2026,y09eb27ifb9ivkyz,y09eb27ifb9ivkyz,career:c35c1d391287b6a2,Jordan Harrison-Dudley,S,R,OF/1B,75,245,1998-08-18,"Paris, TX",Active,22,redpocketmobiles
2026,hdg8d04sd16qv7bm,hdg8d04sd16qv7bm,career:a80b59b339108c34,Braylon Bishop,L,L,CF,73,215,,,Active,24,redpocketmobiles
2026,v8fo667rwv736mhn,v8fo667rwv736mhn,career:4e91efcbd1646f03,Kade Walker,L,L,LHP,75,180,,,Active,25,redpocketmobiles
2026,omerl1360s275vmp,omerl1360s275vmp,career:13d1a041ab41ca42,Manny Jackson,L,R,C/1B,75,225,,"Coral Gables, FL",Active,28,redpocketmobiles
2026,ltejm9o6ia6yirxw,ltejm9o6ia6yirxw,career:1609fddfa7752218,Quentin O'Connor,R,R,RHP,74,215,,"Bothell, Washington",Active,30,redpocketmobiles
2026,5ybg03amlb4mojqh,5ybg03amlb4mojqh,career:8d0c55583b6bfe2c,Miguel Rosado,R,R,RHP,73,210,,"Copper City, FL",Inactive,58,redpocketmobiles
2026,8szcmw8vj75me7b2,8szcmw8vj75me7b2,career:b8d522b43dc07518,Nathan Darden,R,R,RHP,72,200,2003-07-24,"Rowlett, Texas",Inactive,60,redpocketmobiles
2026,ipcw6mq7ufft3qm3,ipcw6mq7ufft3qm3,career:59bbbdbfd1e14120,Agnel Miranda,R,R,RHP,77,225,2002-05-04,"Cayey, PR",Inactive,62,redpocketmobiles
2026,s1fch5gz83tj40c0,s1fch5gz83tj40c0,career:bdbaed6358b374c5,Ryan Velazquez,R,R,P,76,225,1999-05-28,"Canovanas, PR",Inactive,64,redpocketmobiles
2026,niojio7g8uz5n47m,niojio7g8uz5n47m,career:4d8fc4b6bb372583,Marquis Jackson,R,R,OF/2B,67,195,2001-09-29,"Chicago, IL",Inactive,66,redpocketmobiles
2026,blq1v1r3lbcm3uwl,blq1v1r3lbcm3uwl,career:15c064f67cb88c85,Billy Rozakis,L,L,LHP,71,195,2003-01-04,"Brooklyn, NY",Inactive,67,redpocketmobiles
2026,z61umr8pmjrkluml,z61umr8pmjrkluml,career:995e3b26e027f195,Hector Nieves,L,R,INF/OF,75,200,2003-07-08,"Mayagüez, PR",Inactive,68,redpocketmobiles
2026,hudpz1614nvrazs7,hudpz1614nvrazs7,career:67bb38c75d01cde0,Juan Abreu,R,R,RHP,75,226,2000-06-12,"Pepillo Salcedo, DR",Inactive,69,redpocketmobiles
2026,tzoh050bkw3209e3,tzoh050bkw3209e3,career:abc7cdf7caf6b9a2,Ethan Ross,L,L,LHP,74,195,2000-11-16,"La Jolla, CA",Inactive,70,redpocketmobiles
2026,jyz7lsbk823l1vhw,jyz7lsbk823l1vhw,career:06404e46769a4e73,Malik Binns,R,R,RHP,79,260,1999-01-15,"Phoenix, AZ",Inactive,71,redpocketmobiles
2026,gftggv0lmgfrq93t,gftggv0lmgfrq93t,career:08fdd0608bef34a1,Wyatt Adams,R,R,RHP,76,220,2002-10-09,"Seattle, WA",Inactive,74,redpocketmobiles
2026,vlcii95yfh8imqfq,vlcii95yfh8imqfq,career:b4f9a7747205fbfe,Harold Torres,R,R,C/2B,70,190,2003-03-10,"Yauco, PR",Inactive,75,redpocketmobiles
2026,cs15j790wb8xx6a8,cs15j790wb8xx6a8,career:844ab2e2b0fdfb27,J.C. Coronado,R,R,RHP,72,170,2001-09-10,"Corpus Christi, TX",Inactive,76,redpocketmobiles
2026,n0xtp3etjgnjwyay,n0xtp3etjgnjwyay,career:3fcb2dd08653f1a8,Maury Weaver,R,R,3B,73,185,2001-06-20,"Atlanta, GA",Inactive,77,redpocketmobiles
2026,5p8gckhy0g5z0ftn,5p8gckhy0g5z0ftn,career:ba10aef1679b3e22,Sam Cooper,R,R,LHP,,,2003-01-09,",",Inactive,78,redpocketmobiles
2026,47zhbm5oz66euulm,47zhbm5oz66euulm,career:074dcbb05015700d,Andy Valdes,S,R,C/1B,75,210,2001-01-10,"Miami, FL",Inactive,79,redpocketmobiles
2026,7lr3bcwpije3x3ea,7lr3bcwpije3x3ea,career:dcba2b10c78d45a8,Miles Garrett,R,R,RHP,70,175,2001-06-25,"Stone Mountain, GA",Inactive,80,redpocketmobiles
2026,mj28ve0wdl7aeiyc,mj28ve0wdl7aeiyc,career:8f70d12d54590991,Marco Martinez,R,R,UTL,71,200,1999-12-15,"La Puente, CA",Inactive,81,redpocketmobiles
2026,0xbrme9d2smvxkw2,0xbrme9d2smvxkw2,career:f17c3e146d049e06,Zach Hill,L,L,LHP,74,205,,"Shawnee, Kansas",Inactive,82,redpocketmobiles
2026,08e3xzetbd6truvu,08e3xzetbd6truvu,career:8bebcaf0d7a31667,Robbie Coronado,R,R,RHP,73,170,2001-09-10,"Corpus Christi, TX",Inactive,83,redpocketmobiles
2026,q7xrt1n7ep0bw2yg,q7xrt1n7ep0bw2yg,career:9f9a19571b37c13c,Ravaughn Morgan,L,R,OF,75,,2002-01-30,",",Inactive,84,redpocketmobiles
2026,uu9xxzphpz1bcq3p,uu9xxzphpz1bcq3p,career:1d49880e756c2dd0,Eli Young,R,R,1B,76,225,2000-09-24,"Gilbert, AZ",Inactive,85,redpocketmobiles
2026,pwlkv2j0mry7z68a,pwlkv2j0mry7z68a,career:609c2d776b0124c6,Chase Martinez,R,R,RHP,70,185,1999-04-12,"Escondido, CA",Inactive,86,redpocketmobiles
2026,22uxjgx3dkk1geew,22uxjgx3dkk1geew,career:40b1eedab31e1097,Miguel Ochoa,R,R,RHP,71,,2003-07-25,",",Inactive,87,redpocketmobiles
2026,zr8soz83z4qwu973,zr8soz83z4qwu973,career:1eb73b8468fcf9f5,Matt Lauria,R,R,RHP,76,,2003-07-15,",",Inactive,88,redpocketmobiles
2026,coonwyndxb0hph0y,coonwyndxb0hph0y,career:ddaa70398eb8db15,Aidan Cardenas,L,L,LHP,79,215,,",",Inactive,89,redpocketmobiles
2026,amzgdncvzv9cwynh,amzgdncvzv9cwynh,career:a202feda794b4afe,Aiden Ewe,R,R,RHP,76,220,2003-12-30,,Inactive,90,redpocketmobiles
2026,s1ef7fod2tpg9gx8,s1ef7fod2tpg9gx8,career:f5bdecda42f66615,Edgar Rodriguez,R,L,LHP,74,,2001-05-28,",",Inactive,91,redpocketmobiles
2026,69qt13pk83wzwiv2,69qt13pk83wzwiv2,career:9ddbfc8fb53940f6,Raul Guillermo,R,R,C/1B,72,,2002-01-08,",",Inactive,92,redpocketmobiles
2026,cweyx1yn25l2gwxw,cweyx1yn25l2gwxw,career:81c59b4f945a8f88,Charlie Adamson,R,R,RHP,76,,2001-03-27,",",Inactive,93,redpocketmobiles
2026,g4kh30euxy5ugpms,g4kh30euxy5ugpms,career:2c975ce0fb8d9444,Bobby Curry,L,L,LHP,73,,2002-05-18,",",Inactive,94,redpocketmobiles
2026,vhdxjbouyptzsldx,vhdxjbouyptzsldx,career:7172202eb2f4cfea,Eric Sim,R,R,RHP/DH,74,215,,"Busan, South Korea",Inactive,95,redpocketmobiles
2026,0lk7m7w2tp7x6uo3,0lk7m7w2tp7x6uo3,career:cfb2dfc59ff5177e,Philip Sanders,L,L,LHP,73,190,2001-01-09,"White Settlement, TX",Inactive,96,redpocketmobiles
2026,q8mw1sfr8b9ovpbc,q8mw1sfr8b9ovpbc,career:57bd85631f77b189,Will Merriott,R,R,RHP,74,,,",",Inactive,97,redpocketmobiles
2026,ntnv7zhhroufdv0o,ntnv7zhhroufdv0o,career:ecca6833016270e0,Sergio Hernandez,R,R,1B,76,200,2003-07-24,",",Inactive,98,redpocketmobiles
2026,tyiaq8friqz2o615,tyiaq8friqz2o615,career:27f04d68fff1de46,Tre Hondras,R,R,INF,,190,2001-10-22,,Inactive,99,redpocketmobiles
2026,vless40gstttagnp,vless40gstttagnp,career:4c1fb9c394375d85,Zeb Roos,R,L,OF,71,195,,"Platteville, WI",Active,1,yubasutterfreebirds
2026,m5bj7y0r7wfqds1f,m5bj7y0r7wfqds1f,career:391e8d172a34633b,Devon Dixon,R,R,SS,73,175,2002-07-21,,Active,2,yubasutterfreebirds
2026,cbuq7j2rxnjic6tp,cbuq7j2rxnjic6tp,career:9d0799bcf66e6b04,Zach Chamizo,R,R,Utility,70,188,2002-08-27,,Active,3,yubasutterfreebirds
2026,wfv4r8jwy2m3guzl,wfv4r8jwy2m3guzl,career:eb600eb00d1eb082,Jordan Donahue,L,R,IF,70,170,,"Honolulu, HI",Active,4,yubasutterfreebirds
2026,yobxzzq3gi5qm8bo,yobxzzq3gi5qm8bo,career:3ea28ac8c671db8b,Edwin Pagani,R,R,IF,69,180,2000-09-13,"Ponce, PR",Inactive,7,yubasutterfreebirds
2026,62r3h5cc9435ya57,62r3h5cc9435ya57,career:23e9a818e16e070a,Diego Aragon,R,R,C,69,185,2001-08-25,,Active,8,yubasutterfreebirds
2026,imqgory9ms7s7tpc,imqgory9ms7s7tpc,career:b59b05d7cb10c264,Isaac Nunez,L,L,Shortstop,73,195,,"New York, NY",Active,9,yubasutterfreebirds
2026,gelonbto1li8tatl,gelonbto1li8tatl,career:04a511e7cfcef128,Josh Duarte,R,R,OF,69,180,2002-09-08,"Long Beach, CA",Active,10,yubasutterfreebirds
2026,ds429xs1pabhp808,ds429xs1pabhp808,career:0d49dd669bad55d5,Dan Galef,R,R,P,71,165,2003-01-21,",",Injured,11,yubasutterfreebirds
2026,xgvmy81fkhxk0bpr,xgvmy81fkhxk0bpr,career:19d64fd74ce52347,Cam Yuran,L,R,OF,74,180,,,Active,12,yubasutterfreebirds
2026,brywm4v9r21xwr8h,brywm4v9r21xwr8h,career:34f047e6b994b9ad,Chase Martinez,R,R,RHP,70,185,,,Active,13,yubasutterfreebirds
2026,mdwjkaxf4vrzor5w,mdwjkaxf4vrzor5w,career:a99011158a393755,Kyle Carlson,R,R,3B,,,,",",Active,14,yubasutterfreebirds
2026,j2jhjdp67n2ytq8t,j2jhjdp67n2ytq8t,career:ed7174e2f9287733,Alain Lopez,R,R,pitcher,70,185,2002-09-25,"Matanzas, Cuba",Inactive,15,yubasutterfreebirds
2026,c6cvjogr2py2p0p9,c6cvjogr2py2p0p9,career:47d3a597e1a87428,Sean Wiese,R,R,P,70,190,2001-07-02,"Surprise, AZ",Active,16,yubasutterfreebirds
2026,whlyuam9zkonlvyh,whlyuam9zkonlvyh,career:e416ef10566408f7,Rane Pfeifer,R,R,P,,,,",",Active,17,yubasutterfreebirds
2026,phshpp3b23rvpksu,phshpp3b23rvpksu,career:bdad81782b29d1c3,Andrew Kirchner,L,R,1B,77,200,2003-12-08,"Los Alamitos, CA",Active,18,yubasutterfreebirds
2026,vzmunh9vcx1eaeqb,vzmunh9vcx1eaeqb,career:9f368ae71a6086b0,Josh Phillips,R,R,OF,75,230,2002-11-21,"Lonocido, CA",Inactive,19,yubasutterfreebirds
2026,41ezurnx4n7aoxef,41ezurnx4n7aoxef,career:3638a4a32a0f1195,Corbin Barker,R,R,P,75,230,2001-05-03,"Ridgecrest, CA",Inactive,20,yubasutterfreebirds
2026,mrsioa0zi3c1h3qv,mrsioa0zi3c1h3qv,career:e874f3a9fd9fc739,Josh Simmons,R,R,P,73,195,2001-09-16,"Athens, AL",Inactive,21,yubasutterfreebirds
2026,n69c7xp9ndrp2doz,n69c7xp9ndrp2doz,career:5c58986d848091d9,Jackson Mayo,L,L,OF,73,191,2002-10-25,"Birmingham, AL",Inactive,22,yubasutterfreebirds
2026,eq4v9z0ilzb9gpv9,eq4v9z0ilzb9gpv9,career:25820b012ea2b326,Riley Egloff,R,R,P,77,215,1999-10-19,,Active,23,yubasutterfreebirds
2026,jio35ieyvqz4cmfa,jio35ieyvqz4cmfa,career:c250533d251279b1,Tristan Wolf,R,R,P,76,190,2001-11-27,,Active,24,yubasutterfreebirds
2026,ukjiv5c87f1zpcp0,ukjiv5c87f1zpcp0,career:e51054ad8886096b,Brenton Thiels,R,R,P,84,250,2000-05-04,"Otis, LA",Inactive,25,yubasutterfreebirds
2026,i44r8f0l3estqjhk,i44r8f0l3estqjhk,career:ef20c3c65c7367e8,Isaiah Williams,L,L,P,78,255,,"Stockton, CA",Active,25,yubasutterfreebirds
2026,vl0ctkupmogedk77,vl0ctkupmogedk77,career:6eaa6c2db0c21c95,Easton Amundson,L,R,1B,76,225,2003-06-29,"Boise, ID",Inactive,26,yubasutterfreebirds
2026,fb0az3k0i1wsvnqs,fb0az3k0i1wsvnqs,career:7dd827df868a98c4,Josh Lopez,R,R,C,70,180,2000-04-01,"Danbury, CT",Inactive,27,yubasutterfreebirds
2026,ke6mf59oorwdgscp,ke6mf59oorwdgscp,career:1030777a482f6af2,Drew Aguiar,R,R,P,75,220,2000-12-20,"Fair Oaks, CA",Injured,28,yubasutterfreebirds
2026,8szg6daco8hnp9qp,8szg6daco8hnp9qp,career:8899dd8808fa5cbc,Anthony Silvas,R,R,P,76,220,2002-09-02,,Active,29,yubasutterfreebirds
2026,ddjme7698xcerfyv,ddjme7698xcerfyv,career:bd1ed1f4cfcfada4,Christian Castaneda,R,R,1B,73,220,,"El Paso, TX",Active,31,yubasutterfreebirds
2026,nbfvuaxae5h9nnqz,nbfvuaxae5h9nnqz,career:570e255fd323e200,Amar Tsengeg,R,R,P,75,206,2004-02-16,"College Station, TX",Inactive,33,yubasutterfreebirds
2026,930cb52ye2e1dxyk,930cb52ye2e1dxyk,career:a7f6a949524296ae,Ryder Mancusso,R,R,RHP,75,230,2004-03-21,"Palisade, CO",Inactive,34,yubasutterfreebirds
2026,yectfvhg7l4qtu55,yectfvhg7l4qtu55,career:13705e7a102801fa,Dylan McCall,R,R,P,81,200,2004-03-19,"Fort Collings, CO",Inactive,36,yubasutterfreebirds
2026,iigh9b5fkpdz5dwq,iigh9b5fkpdz5dwq,career:4b69cfa60f854d94,Max Ortega,R,R,C,72,210,,"Stockton, CA",Active,38,yubasutterfreebirds
2026,rnbdkhlt3g3u14qh,rnbdkhlt3g3u14qh,career:fa16d9b3ce973838,Ethan Ross,R,R,P,74,195,2000-11-16,"Imperial, CA",Inactive,70,yubasutterfreebirds
2026,jsgq90mb7giynq3u,jsgq90mb7giynq3u,career:1ca500d61c2058bd,Christian Womble,R,R,P,,,2001-06-12,",",Inactive,80,yubasutterfreebirds
2026,sk4a5ll0bj31il8u,sk4a5ll0bj31il8u,career:50d01bf66b499c5f,Jonathan Jones,R,R,P,73,200,,,Inactive,83,yubasutterfreebirds
2026,pzx7e6ndiv6lbs72,pzx7e6ndiv6lbs72,career:59645ae5e0f2b295,Jamal George Rivera,R,R,OF,70,192,,,Inactive,84,yubasutterfreebirds
2026,4wjsr3rovjq35sr0,4wjsr3rovjq35sr0,career:d783600a257d056a,Kendall Foster,R,R,CF,,,2000-02-25,",",Inactive,85,yubasutterfreebirds
2026,02r7w1yfl7plhscr,02r7w1yfl7plhscr,career:db5c0fbb7b418775,Andrew Bergeron,R,R,OF,76,225,2000-12-28,",",Inactive,86,yubasutterfreebirds
2026,hxbyq5i9a3hh444e,hxbyq5i9a3hh444e,career:1cb65ccb00a573b8,Logan Bell,R,R,P,,,,",",Inactive,87,yubasutterfreebirds
2026,91r4phaz04x47suf,91r4phaz04x47suf,career:f434fc456a0f902a,Blake Barquin,R,R,P,78,240,2003-03-20,",",Inactive,88,yubasutterfreebirds
2026,m95gnyjkywrma0k5,m95gnyjkywrma0k5,career:df32293e78616d9c,John Aponte,R,R,P,77,215,,,Inactive,89,yubasutterfreebirds
2026,qrcvsc8dgweehvhj,qrcvsc8dgweehvhj,career:8ebf9afb9a4dc9e7,Noah Smith,R,R,OF,73,190,,,Inactive,92,yubasutterfreebirds
2026,ggsejo5bktvtyfxg,ggsejo5bktvtyfxg,career:b679fb425b4b98e5,Jeriah Lewis,R,R,OF,,,2001-10-08,",",Inactive,96,yubasutterfreebirds
2026,d9muxuqf8vp9yp8k,d9muxuqf8vp9yp8k,career:4a010cf15d718e9c,Kenneth Jimenez,R,R,C,,,2001-08-08,",",Inactive,97,yubasutterfreebirds
2026,xao2hb2n0cqmnvu1,xao2hb2n0cqmnvu1,career:d4456fed3eb1031a,Brock Gillis,R,R,P,,,2001-12-05,",",Inactive,98,yubasutterfreebirds
2026,3opa9lncff1dj1go,3opa9lncff1dj1go,career:d423a8ba599cfeca,Zac Addkison,R,R,P,,,2002-06-24,",",Inactive,99,yubasutterfreebirds
2026,ru8dkwfibybm8e3c,ru8dkwfibybm8e3c,career:d0b9c15e3152c3ec,Mattie Thomas,R,R,1B,75,215,,"Sacramento, CA",Inactive,99,yubasutterfreebirds
